point_id,state,latitude,longitude,elevation_m,slope_deg,aspect_deg,lithology_factor,fault_dist_km,river_dist_km,ndvi,soil_thickness_m,rain_24h_mm,rain_72h_ari_mm,soil_moisture_pct,factor_of_safety,landslide_occurred,hazard_severity
PT-0001,Nagaland,25.11001,93.72004,2728,41.05,346,0.95,4.47,1.34,0.33,1.21,46.1,153.7,81.0,1.7,1,HIGH
PT-0002,Manipur,24.92453,94.12712,2092,38.31,81,0.93,4.04,0.43,0.5,1.74,5.1,159.9,81.2,1.35,1,HIGH
PT-0003,Sikkim,27.60568,88.64347,2212,49.21,282,0.84,4.48,1.96,0.32,1.42,54.1,196.7,93.1,1.36,1,SEVERE
PT-0004,Assam (Dima Hasao),25.60978,92.86615,2216,21.39,83,0.83,4.59,0.66,0.64,2.43,12.7,148.0,74.2,1.9,0,LOW
PT-0005,Manipur,24.98394,94.53047,1901,36.0,166,0.96,6.74,0.58,0.38,1.69,11.8,182.4,88.9,1.39,0,LOW
PT-0006,Arunachal Pradesh,27.23515,91.84908,2007,52.06,73,0.77,2.21,1.28,0.28,2.29,23.0,74.2,66.3,1.02,0,MODERATE
PT-0007,Tripura,23.42909,91.30654,2022,34.14,348,0.61,6.16,0.9,0.54,2.16,43.7,60.6,60.5,1.42,0,LOW
PT-0008,Mizoram,24.04232,92.51821,2397,38.81,1,0.96,8.02,0.65,0.43,1.39,44.2,108.4,70.2,1.64,0,LOW
PT-0009,Assam (Dima Hasao),24.75341,93.32501,1876,22.37,271,0.94,6.28,1.13,0.5,1.8,41.3,95.8,63.5,2.26,0,LOW
PT-0010,Nagaland,25.18278,93.97319,2414,50.5,64,0.83,4.11,1.25,0.29,2.92,11.9,115.9,72.8,0.86,1,HIGH
PT-0011,Assam (Dima Hasao),25.42554,92.88879,1726,31.57,264,0.85,4.71,0.23,0.41,2.22,0.4,132.2,69.7,1.43,0,LOW
PT-0012,Nagaland,26.1665,94.42156,2276,43.99,342,0.9,4.44,1.62,0.44,2.27,32.0,114.2,66.1,1.11,0,MODERATE
PT-0013,Manipur,25.08516,93.91332,2041,39.64,334,0.98,3.26,0.95,0.39,2.9,10.5,99.5,66.1,1.04,0,MODERATE
PT-0014,Mizoram,23.67515,93.15938,2490,52.13,281,0.79,5.44,1.24,0.24,1.21,15.6,97.7,66.3,1.65,0,LOW
PT-0015,Manipur,25.74293,93.61756,2134,45.46,232,0.85,5.98,1.63,0.42,2.46,10.5,61.4,54.1,1.1,0,MODERATE
PT-0016,Sikkim,27.62757,88.0686,2061,34.34,271,0.81,10.1,0.27,0.41,2.31,15.6,50.4,60.0,1.37,0,LOW
PT-0017,Assam (Dima Hasao),25.2647,92.45769,2277,44.55,289,0.86,10.82,0.53,0.41,1.53,55.7,120.2,69.6,1.42,0,LOW
PT-0018,Nagaland,25.09118,94.13539,2103,35.82,275,0.84,3.27,2.06,0.51,2.93,8.6,161.2,82.5,1.02,0,MODERATE
PT-0019,Sikkim,27.53144,88.66552,2201,45.19,68,0.83,7.51,1.66,0.32,1.62,21.0,149.4,81.4,1.3,1,HIGH
PT-0020,Tripura,23.62135,92.33979,1865,36.1,141,0.54,7.01,0.37,0.53,1.36,61.2,168.7,78.2,1.69,0,LOW
PT-0021,Meghalaya,25.16471,92.76151,1961,32.31,65,0.74,4.33,2.06,0.56,1.09,57.3,182.3,83.6,2.11,0,LOW
PT-0022,Manipur,25.8286,94.31937,2014,42.92,83,0.98,7.16,1.95,0.32,2.62,133.5,280.9,98.0,0.88,1,SEVERE
PT-0023,Assam (Dima Hasao),24.89017,93.35485,2470,46.84,240,0.8,8.24,1.07,0.33,2.75,1.2,48.1,53.9,1.01,0,MODERATE
PT-0024,Nagaland,26.24027,93.72495,1890,34.22,274,0.87,2.57,1.94,0.43,2.28,6.7,120.1,69.9,1.31,0,LOW
PT-0025,Arunachal Pradesh,27.50367,92.43108,2838,56.02,97,0.77,4.58,0.1,0.35,2.18,38.4,164.1,79.7,1.01,0,MODERATE
PT-0026,Nagaland,26.21865,94.49493,1804,31.08,63,0.94,3.39,0.75,0.48,1.89,6.8,91.2,69.5,1.59,0,LOW
PT-0027,Meghalaya,25.24862,92.12114,2057,35.8,146,0.77,7.05,1.37,0.42,1.97,28.0,174.0,87.9,1.26,0,LOW
PT-0028,Meghalaya,25.30062,92.10054,1643,30.63,47,0.89,6.68,1.51,0.45,1.44,14.0,107.4,72.1,1.88,0,LOW
PT-0029,Nagaland,25.6265,94.45336,1909,28.38,196,0.9,3.2,1.48,0.43,2.65,9.8,94.9,62.6,1.49,0,LOW
PT-0030,Tripura,23.38026,91.54904,1394,30.8,237,0.66,17.03,1.35,0.57,2.96,37.4,135.7,78.2,1.19,0,MODERATE
PT-0031,Tripura,24.39665,92.14239,1752,20.26,126,0.7,6.81,1.73,0.58,1.53,62.5,116.2,68.9,2.65,0,LOW
PT-0032,Nagaland,25.24605,93.66751,1650,34.95,32,0.88,3.5,1.08,0.39,2.83,73.4,244.5,94.0,0.99,1,SEVERE
PT-0033,Manipur,25.23238,94.55129,2461,35.76,214,0.9,6.32,1.78,0.52,2.07,33.2,112.4,71.4,1.33,0,LOW
PT-0034,Manipur,25.52902,94.42861,1653,56.44,273,0.8,4.25,1.29,0.2,2.41,31.0,54.3,55.7,1.01,0,MODERATE
PT-0035,Assam (Dima Hasao),25.11564,92.815,1831,39.41,215,0.81,4.21,0.14,0.43,3.2,52.5,196.4,89.7,0.86,1,SEVERE
PT-0036,Sikkim,27.86953,88.23923,2295,46.28,64,0.87,2.3,2.09,0.36,1.56,46.6,220.6,95.7,1.26,1,SEVERE
PT-0037,Meghalaya,25.66766,91.88972,2108,42.4,346,0.91,4.38,2.08,0.35,2.3,15.9,145.9,75.1,1.09,0,MODERATE
PT-0038,Nagaland,26.03547,94.06912,2275,47.95,338,0.87,4.26,0.82,0.41,2.81,161.9,281.8,98.0,0.79,1,SEVERE
PT-0039,Meghalaya,25.03258,92.64055,2000,41.81,275,0.88,4.76,1.83,0.42,1.71,136.4,197.4,87.9,1.27,1,SEVERE
PT-0040,Tripura,24.00382,92.05183,2059,21.48,166,0.57,6.6,1.78,0.55,2.94,17.4,34.1,57.0,1.93,0,LOW
PT-0041,Nagaland,25.36963,93.87771,2076,33.77,243,0.93,4.19,1.77,0.4,1.49,18.8,129.8,73.3,1.7,0,LOW
PT-0042,Arunachal Pradesh,27.4906,92.14512,2816,38.32,138,0.78,2.16,1.61,0.4,2.63,36.1,82.7,65.6,1.13,0,MODERATE
PT-0043,Mizoram,23.9895,93.28193,2155,33.96,51,0.94,3.68,0.86,0.44,2.56,2.3,26.3,48.7,1.39,0,LOW
PT-0044,Meghalaya,25.27544,92.66335,2093,36.94,145,0.82,4.65,0.49,0.37,3.07,86.3,167.4,77.6,1.0,0,MODERATE
PT-0045,Sikkim,26.91207,88.97337,2223,45.0,127,0.8,5.61,1.37,0.42,1.5,29.9,117.9,74.5,1.41,0,LOW
PT-0046,Manipur,25.02646,94.16523,1764,28.5,106,0.92,3.77,0.27,0.47,2.21,26.3,155.0,78.8,1.49,0,LOW
PT-0047,Sikkim,27.00777,88.84835,1901,39.6,351,0.83,2.77,1.76,0.43,2.77,6.1,58.2,54.3,1.14,0,MODERATE
PT-0048,Mizoram,24.11196,92.19569,2459,43.24,291,0.95,4.25,1.08,0.36,1.89,38.8,126.0,73.7,1.23,0,MODERATE
PT-0049,Manipur,25.54144,94.14446,2170,43.34,345,0.96,5.14,2.1,0.47,2.48,2.1,141.9,75.9,1.02,0,MODERATE
PT-0050,Tripura,24.41929,91.46779,1456,16.85,251,0.72,7.59,0.96,0.58,1.23,26.5,123.3,73.8,3.0,0,LOW
PT-0051,Manipur,25.63628,94.08012,2215,31.74,165,0.81,6.7,1.92,0.54,1.0,25.8,49.7,56.1,2.49,0,LOW
PT-0052,Tripura,24.07049,92.16199,2133,28.72,147,0.62,9.0,0.35,0.59,2.34,8.6,114.5,70.7,1.5,0,LOW
PT-0053,Nagaland,25.34964,94.39969,2719,52.75,331,0.97,4.22,1.6,0.31,1.6,49.1,104.3,68.5,1.32,0,LOW
PT-0054,Manipur,24.88873,94.13925,1940,37.91,35,0.85,6.9,0.97,0.5,2.12,17.7,82.0,63.9,1.3,0,LOW
PT-0055,Tripura,24.35831,91.78586,1740,19.29,278,0.61,12.75,1.93,0.67,1.53,96.9,179.7,82.7,2.59,0,LOW
PT-0056,Tripura,24.16627,92.22369,2049,17.65,333,0.73,7.71,0.18,0.6,2.3,44.3,132.0,74.3,2.34,0,LOW
PT-0057,Tripura,23.33842,91.42299,1038,39.68,38,0.62,14.7,0.81,0.45,2.43,43.4,200.2,87.8,1.03,1,SEVERE
PT-0058,Arunachal Pradesh,27.73216,92.31493,2373,34.67,316,0.73,3.99,2.03,0.54,2.64,5.2,124.8,76.2,1.16,0,MODERATE
PT-0059,Tripura,23.51964,91.60936,1766,32.53,28,0.59,7.17,0.41,0.48,2.25,12.6,40.6,57.6,1.47,0,LOW
PT-0060,Assam (Dima Hasao),25.1672,93.10979,2520,36.19,235,0.81,4.02,1.79,0.51,2.49,29.1,101.1,68.1,1.21,0,MODERATE
PT-0061,Manipur,25.48838,93.9682,3402,28.73,247,0.81,4.2,0.85,0.48,2.54,88.6,168.9,77.2,1.38,0,LOW
PT-0062,Sikkim,27.82274,88.89421,1614,50.06,117,0.9,3.09,1.44,0.35,2.49,34.7,188.0,87.6,0.9,1,SEVERE
PT-0063,Sikkim,27.10072,88.52899,1997,31.31,46,0.96,2.99,0.97,0.44,2.73,21.5,119.3,69.0,1.3,0,LOW
PT-0064,Meghalaya,24.81836,92.74963,2132,22.5,173,0.89,4.78,0.26,0.6,1.5,35.3,115.9,74.0,2.38,0,LOW
PT-0065,Arunachal Pradesh,27.08836,91.72349,2519,43.65,188,0.85,4.29,1.33,0.44,3.07,13.3,32.4,56.0,0.99,1,HIGH
PT-0066,Arunachal Pradesh,28.07831,91.51564,2592,56.89,358,0.78,2.81,0.39,0.35,1.67,5.1,166.5,78.0,1.26,0,LOW
PT-0067,Tripura,23.76521,92.38926,1298,22.92,300,0.68,6.42,0.97,0.49,2.08,151.3,171.7,81.5,1.85,0,LOW
PT-0068,Tripura,23.85364,91.53334,2458,12.27,188,0.64,15.52,0.85,0.63,1.42,94.2,184.2,87.2,3.0,0,LOW
PT-0069,Sikkim,26.79069,88.40021,2226,55.16,105,0.79,5.62,0.54,0.24,2.91,8.0,171.6,77.8,0.82,1,SEVERE
PT-0070,Meghalaya,25.69503,92.40826,1898,37.09,13,0.76,4.31,1.76,0.46,1.03,6.8,91.3,61.2,2.15,0,LOW
PT-0071,Nagaland,25.6515,94.32362,2151,35.41,257,0.84,4.89,1.63,0.52,2.45,51.5,71.6,65.7,1.26,0,LOW
PT-0072,Manipur,25.17153,93.54955,1761,36.1,41,0.85,3.4,0.37,0.47,2.29,22.1,135.7,72.8,1.24,0,MODERATE
PT-0073,Manipur,24.77901,94.26214,1724,44.55,282,0.93,3.61,1.05,0.34,1.75,26.9,57.6,56.9,1.36,0,LOW
PT-0074,Mizoram,23.56916,92.29317,2139,42.48,43,0.79,3.05,1.65,0.45,2.22,41.2,110.6,65.6,1.16,0,MODERATE
PT-0075,Arunachal Pradesh,28.02833,92.37936,2702,29.23,26,0.91,3.79,0.84,0.52,1.47,15.1,48.0,59.0,2.04,0,LOW
PT-0076,Arunachal Pradesh,27.11786,91.58428,2706,45.19,287,0.91,5.77,1.39,0.4,1.06,42.3,101.4,64.1,1.89,0,LOW
PT-0077,Mizoram,24.22585,92.53123,2376,41.74,336,0.85,3.18,1.43,0.33,2.64,27.2,98.4,65.3,1.06,0,MODERATE
PT-0078,Arunachal Pradesh,27.9122,91.93111,2398,46.12,80,0.87,1.63,0.27,0.36,1.93,23.6,74.2,61.4,1.23,0,MODERATE
PT-0079,Arunachal Pradesh,27.4959,91.5899,1975,40.24,341,0.78,2.12,2.17,0.34,1.45,39.5,180.6,82.6,1.49,1,SEVERE
PT-0080,Nagaland,25.08928,94.28642,2470,42.3,117,0.9,6.98,1.79,0.33,2.9,0.9,167.9,85.6,0.89,1,SEVERE
PT-0081,Manipur,25.34808,94.2714,2215,34.77,10,0.98,3.47,2.09,0.45,2.52,28.7,61.2,57.8,1.31,0,LOW
PT-0082,Manipur,25.28876,93.89492,2426,35.47,170,0.95,3.2,1.43,0.46,1.43,20.8,193.9,89.1,1.58,0,LOW
PT-0083,Meghalaya,24.79352,91.93573,2509,39.31,335,0.75,10.75,1.42,0.42,2.24,57.1,217.6,94.3,1.05,1,SEVERE
PT-0084,Arunachal Pradesh,28.0171,92.00266,2446,45.64,226,0.85,5.48,1.34,0.35,1.16,1.9,77.7,60.0,1.78,0,LOW
PT-0085,Nagaland,25.81801,93.99848,2268,29.73,21,0.89,6.65,1.47,0.47,2.05,3.2,35.3,56.8,1.68,0,LOW
PT-0086,Arunachal Pradesh,28.15886,91.35119,2261,42.71,224,0.92,3.36,1.38,0.37,3.02,74.5,201.5,84.9,0.87,1,SEVERE
PT-0087,Arunachal Pradesh,27.05909,91.36341,2082,41.33,336,0.91,3.81,0.42,0.34,2.46,19.0,142.2,77.9,1.04,0,MODERATE
PT-0088,Meghalaya,25.22405,92.8856,2376,33.33,168,0.89,5.97,1.84,0.51,2.51,51.9,136.8,73.7,1.25,0,LOW
PT-0089,Arunachal Pradesh,27.35064,92.3914,2840,37.03,98,0.77,1.87,0.26,0.5,1.22,42.6,203.4,85.1,1.76,1,SEVERE
PT-0090,Arunachal Pradesh,28.03167,91.99164,2223,40.44,92,0.89,5.19,1.8,0.36,1.96,56.4,110.6,68.8,1.28,0,LOW
PT-0091,Mizoram,24.02287,93.05056,2457,40.56,240,0.95,3.34,1.52,0.42,1.97,40.0,138.0,74.5,1.24,0,MODERATE
PT-0092,Meghalaya,25.49027,92.72151,2262,39.67,328,0.83,4.36,2.06,0.45,2.14,4.4,45.9,54.6,1.3,0,LOW
PT-0093,Meghalaya,25.50726,91.87006,1716,47.69,178,0.92,4.54,0.93,0.33,1.85,12.7,80.3,58.7,1.26,0,LOW
PT-0094,Arunachal Pradesh,27.92966,91.41512,2981,40.76,356,0.89,5.06,1.09,0.43,2.99,12.1,51.8,60.8,1.03,0,MODERATE
PT-0095,Manipur,24.79342,93.76572,2233,37.26,214,0.92,5.44,0.23,0.49,2.1,50.0,159.9,82.4,1.21,1,HIGH
PT-0096,Mizoram,23.63509,92.84777,2562,40.46,340,0.9,4.65,0.86,0.49,2.2,27.8,46.2,58.9,1.24,0,MODERATE
PT-0097,Sikkim,27.4928,89.17725,2333,41.97,34,0.85,5.3,1.42,0.44,2.62,2.3,107.4,71.8,1.03,0,MODERATE
PT-0098,Meghalaya,25.50646,92.58162,2011,44.5,93,0.89,3.36,1.73,0.37,1.65,11.1,33.0,56.6,1.41,0,LOW
PT-0099,Manipur,25.84695,94.07164,2715,37.74,97,0.85,7.95,0.2,0.46,1.6,24.7,105.7,67.7,1.53,0,LOW
PT-0100,Manipur,25.06684,93.64418,1817,35.44,265,0.84,3.22,0.99,0.44,3.19,17.4,49.3,54.1,1.17,0,MODERATE
PT-0101,Mizoram,23.4878,92.83315,2439,29.74,179,0.86,6.04,2.01,0.52,1.96,40.6,65.1,61.0,1.69,0,LOW
PT-0102,Manipur,25.09597,94.38132,1348,30.05,73,0.96,5.83,1.02,0.44,1.52,21.3,193.0,82.8,1.76,0,LOW
PT-0103,Meghalaya,25.32487,92.89859,2487,27.17,293,0.76,4.34,0.76,0.49,3.11,10.3,110.7,73.5,1.35,0,LOW
PT-0104,Nagaland,25.39413,93.70235,2553,15.28,146,0.94,18.0,0.52,0.56,1.16,62.5,242.0,98.0,3.0,0,LOW
PT-0105,Arunachal Pradesh,27.78141,92.10145,2250,38.09,153,0.89,4.61,2.05,0.45,2.75,6.5,54.7,53.4,1.19,0,MODERATE
PT-0106,Tripura,23.35154,91.91483,2173,16.8,282,0.56,11.39,0.24,0.59,2.58,26.4,109.0,69.7,2.4,0,LOW
PT-0107,Meghalaya,25.67686,92.53081,2223,25.23,176,0.76,7.62,1.26,0.55,2.69,34.9,193.2,90.8,1.38,0,LOW
PT-0108,Meghalaya,24.87495,91.95436,1960,40.92,265,0.91,7.88,0.63,0.43,2.21,18.0,121.0,71.6,1.16,0,MODERATE
PT-0109,Meghalaya,25.22017,92.45678,2491,40.99,309,0.8,9.64,0.19,0.47,1.18,39.7,98.4,63.8,1.82,0,LOW
PT-0110,Manipur,25.40173,93.45634,1847,45.22,328,0.98,4.65,1.79,0.4,1.65,3.1,90.6,64.8,1.36,0,LOW
PT-0111,Assam (Dima Hasao),24.97823,92.5824,1790,39.24,176,0.96,4.35,0.88,0.43,1.7,15.6,71.5,56.7,1.5,0,LOW
PT-0112,Mizoram,24.25446,93.147,2641,23.25,81,0.93,9.59,1.61,0.51,1.35,26.0,186.0,85.9,2.34,0,LOW
PT-0113,Nagaland,26.21428,93.99653,2114,44.11,180,0.81,3.33,1.35,0.44,2.48,0.4,33.1,48.6,1.14,0,MODERATE
PT-0114,Mizoram,23.99301,93.02663,2464,34.95,291,0.88,3.93,0.71,0.44,1.99,87.2,205.0,91.2,1.26,0,LOW
PT-0115,Meghalaya,25.6801,92.23268,1754,37.9,187,0.88,3.75,1.17,0.43,1.1,20.3,113.5,69.5,1.97,0,LOW
PT-0116,Meghalaya,24.90356,92.49568,2971,47.97,153,0.85,4.97,1.17,0.35,2.24,0.8,70.5,56.6,1.11,0,MODERATE
PT-0117,Manipur,25.36044,94.37611,1602,36.23,13,0.91,3.77,1.48,0.52,2.27,2.6,96.9,66.6,1.28,0,LOW
PT-0118,Manipur,24.83733,94.23687,2297,55.89,56,0.83,4.45,0.98,0.27,1.45,47.3,140.1,79.3,1.4,0,LOW
PT-0119,Sikkim,27.57693,88.62242,1807,17.35,244,0.89,2.94,0.46,0.67,1.75,73.9,207.9,92.2,2.49,0,LOW
PT-0120,Mizoram,23.85209,92.34072,2647,40.21,115,0.96,12.88,1.72,0.45,2.52,32.7,140.2,80.2,1.04,1,HIGH
PT-0121,Mizoram,23.46535,92.79817,2000,24.63,202,0.93,10.53,1.79,0.51,1.63,20.6,108.6,66.5,2.16,0,LOW
PT-0122,Tripura,23.57678,92.24354,2155,24.72,139,0.56,8.39,1.33,0.5,2.47,50.8,74.5,60.5,1.78,0,LOW
PT-0123,Tripura,23.44065,92.17492,1724,35.48,80,0.61,12.83,1.94,0.45,1.44,19.5,141.1,80.1,1.63,0,LOW
PT-0124,Nagaland,25.86276,93.66866,1484,37.96,19,0.98,2.98,1.95,0.38,3.02,22.9,119.6,75.7,1.0,0,MODERATE
PT-0125,Mizoram,24.17209,92.12112,2130,36.75,171,0.83,14.1,1.24,0.44,3.06,26.1,72.9,57.2,1.14,0,MODERATE
PT-0126,Meghalaya,25.38734,92.53794,2002,35.75,172,0.89,5.3,1.69,0.4,2.88,42.2,142.2,72.2,1.1,0,MODERATE
PT-0127,Nagaland,25.30174,93.55873,2401,36.47,133,0.88,3.98,0.66,0.42,2.28,15.2,89.5,62.1,1.3,0,LOW
PT-0128,Nagaland,25.63847,93.58166,1435,32.36,159,0.94,5.05,2.08,0.46,1.49,26.5,116.6,75.5,1.74,0,LOW
PT-0129,Arunachal Pradesh,27.47901,91.90908,2419,34.84,340,0.89,5.09,1.53,0.47,2.73,37.6,112.3,73.9,1.15,0,MODERATE
PT-0130,Nagaland,25.15411,94.04718,2149,29.23,76,0.83,7.32,1.03,0.54,2.58,114.6,203.1,85.2,1.28,0,LOW
PT-0131,Meghalaya,25.1259,92.30816,2198,43.81,157,0.87,4.46,1.81,0.42,2.27,21.1,46.6,60.2,1.15,0,MODERATE
PT-0132,Nagaland,26.26336,93.95649,2379,37.91,69,0.95,12.08,1.46,0.42,3.18,101.9,266.5,98.0,0.84,1,SEVERE
PT-0133,Meghalaya,25.29424,92.17732,2451,40.04,270,0.76,12.83,1.85,0.46,3.15,63.5,148.5,76.5,0.93,1,HIGH
PT-0134,Assam (Dima Hasao),24.86701,92.82539,2838,32.17,57,0.77,6.7,1.39,0.55,2.96,3.5,116.5,70.1,1.21,0,MODERATE
PT-0135,Sikkim,27.02368,88.05308,2433,33.34,28,0.81,14.58,0.59,0.54,2.27,74.0,224.0,91.6,1.19,0,MODERATE
PT-0136,Meghalaya,25.69283,92.3855,2205,30.85,285,0.92,8.49,2.01,0.51,1.94,179.3,349.7,98.0,1.35,0,LOW
PT-0137,Arunachal Pradesh,27.81557,91.73991,2552,42.53,275,0.81,6.23,0.73,0.43,2.77,30.3,205.0,90.7,0.89,1,SEVERE
PT-0138,Meghalaya,24.9761,92.06599,2184,34.53,230,0.9,3.44,1.62,0.41,1.59,32.1,191.2,83.9,1.53,0,LOW
PT-0139,Assam (Dima Hasao),25.14527,93.45337,2786,25.63,7,0.8,4.53,1.66,0.58,2.66,36.3,167.4,80.8,1.46,0,LOW
PT-0140,Assam (Dima Hasao),25.2325,93.34062,2319,28.22,183,0.82,5.11,1.95,0.51,2.77,39.3,107.1,65.6,1.45,0,LOW
PT-0141,Arunachal Pradesh,27.47672,91.92503,2533,44.76,133,0.83,3.69,1.61,0.34,1.43,42.2,97.7,67.0,1.5,0,LOW
PT-0142,Arunachal Pradesh,27.28879,92.23591,2235,54.51,251,0.81,4.8,0.84,0.24,2.2,110.1,288.5,98.0,0.94,1,SEVERE
PT-0143,Sikkim,27.73688,88.0892,2169,42.98,3,0.86,6.62,0.59,0.42,1.02,23.4,140.3,77.5,1.92,0,LOW
PT-0144,Tripura,24.11114,91.26888,1637,18.44,8,0.64,6.8,2.15,0.52,2.79,41.3,206.4,86.5,1.88,0,LOW
PT-0145,Nagaland,25.70926,93.67916,1982,34.82,181,0.85,3.76,0.88,0.44,2.24,15.2,143.1,80.0,1.24,0,MODERATE
PT-0146,Sikkim,26.8422,88.45512,2231,39.59,4,0.92,2.22,1.88,0.44,1.73,48.8,211.4,95.7,1.25,1,SEVERE
PT-0147,Assam (Dima Hasao),24.8237,93.45174,1766,41.48,23,0.94,6.88,0.69,0.41,2.45,95.0,112.6,66.8,1.1,0,MODERATE
PT-0148,Meghalaya,25.41271,92.61525,2143,33.59,83,0.84,5.29,1.88,0.5,2.19,67.3,212.7,93.7,1.2,0,MODERATE
PT-0149,Nagaland,25.68095,94.55919,2289,46.59,38,0.87,6.16,2.11,0.35,2.7,16.0,194.8,87.8,0.87,1,SEVERE
PT-0150,Arunachal Pradesh,27.64365,91.70051,2767,47.91,194,0.74,3.91,1.78,0.38,1.18,62.2,181.8,87.4,1.61,1,SEVERE
PT-0151,Arunachal Pradesh,27.41284,91.35982,2206,51.62,138,0.74,1.73,1.01,0.33,2.13,4.7,111.1,70.4,1.06,0,MODERATE
PT-0152,Arunachal Pradesh,28.01646,91.26481,2653,32.83,286,0.9,11.06,1.3,0.42,1.84,17.9,114.3,65.8,1.57,0,LOW
PT-0153,Manipur,24.99115,93.7797,1805,39.45,126,0.93,4.71,1.4,0.41,1.3,25.2,179.1,83.2,1.63,1,SEVERE
PT-0154,Arunachal Pradesh,27.50827,91.76674,1885,48.85,304,0.75,2.47,2.09,0.3,1.69,48.6,111.7,71.5,1.27,0,LOW
PT-0155,Tripura,24.48132,92.18837,1962,23.21,201,0.6,12.72,0.52,0.64,1.4,6.2,141.2,80.5,2.34,0,LOW
PT-0156,Assam (Dima Hasao),25.09615,92.7596,1419,30.13,209,0.89,4.37,0.74,0.46,1.34,23.7,112.8,70.8,2.01,0,LOW
PT-0157,Manipur,25.30124,94.52819,1863,43.33,18,0.95,4.11,1.98,0.39,2.4,73.3,196.8,86.8,0.98,1,SEVERE
PT-0158,Sikkim,27.40586,88.77404,1542,30.17,169,0.97,3.41,0.12,0.46,2.12,43.4,153.3,78.2,1.46,0,LOW
PT-0159,Manipur,25.21568,94.23547,1943,36.43,12,0.89,3.88,2.03,0.38,2.83,20.7,92.3,68.1,1.12,0,MODERATE
PT-0160,Tripura,23.73796,91.36715,1331,24.56,34,0.59,10.15,0.34,0.6,2.43,12.4,189.7,84.2,1.56,0,LOW
PT-0161,Meghalaya,25.17229,92.15719,2233,28.53,207,0.86,3.72,1.48,0.5,2.62,25.2,111.1,64.5,1.48,0,LOW
PT-0162,Assam (Dima Hasao),24.81694,93.31279,1907,35.97,52,0.92,5.92,0.87,0.4,1.25,27.0,201.4,87.4,1.74,0,LOW
PT-0163,Manipur,25.39357,94.12441,2682,29.63,316,0.82,5.8,1.78,0.57,2.3,19.1,73.5,57.3,1.58,0,LOW
PT-0164,Arunachal Pradesh,27.81212,91.86299,2433,40.44,196,0.8,3.17,1.23,0.48,3.05,9.1,71.8,57.7,1.05,0,MODERATE
PT-0165,Tripura,24.06329,92.28863,1589,34.24,99,0.69,14.3,1.16,0.46,2.51,91.6,187.2,82.0,1.16,0,MODERATE
PT-0166,Sikkim,27.68506,88.26464,2320,47.24,147,0.81,3.53,1.66,0.4,2.21,6.1,149.0,81.0,1.02,1,HIGH
PT-0167,Arunachal Pradesh,27.63045,92.15814,1963,44.51,111,0.92,1.77,1.84,0.42,1.65,25.2,97.7,69.7,1.35,0,LOW
PT-0168,Tripura,24.35835,91.39086,1487,27.95,301,0.67,10.93,1.38,0.51,2.36,41.6,189.5,87.4,1.38,0,LOW
PT-0169,Mizoram,23.83623,92.31205,2161,46.19,293,0.82,7.68,2.17,0.39,1.21,40.4,207.0,95.5,1.56,1,SEVERE
PT-0170,Meghalaya,25.35171,91.91923,2305,40.01,126,0.88,6.02,1.13,0.43,1.59,30.1,149.6,81.7,1.4,1,HIGH
PT-0171,Nagaland,25.56342,94.28976,1490,33.77,232,0.98,3.49,0.11,0.51,2.61,25.6,150.2,76.6,1.19,0,MODERATE
PT-0172,Nagaland,26.03481,93.86726,2035,52.72,253,0.85,6.91,0.81,0.32,2.25,21.1,148.7,73.2,1.01,0,MODERATE
PT-0173,Nagaland,25.83142,94.39404,2247,56.18,80,0.89,2.5,2.11,0.23,2.51,52.5,93.7,69.9,0.94,1,HIGH
PT-0174,Mizoram,23.23201,92.54252,2456,49.63,332,0.8,4.06,0.74,0.37,1.52,36.7,51.9,56.2,1.43,0,LOW
PT-0175,Meghalaya,25.22242,92.38333,2075,35.1,175,0.89,14.29,0.99,0.4,1.16,65.6,97.5,64.6,2.03,0,LOW
PT-0176,Mizoram,23.28456,93.03815,2012,40.08,346,0.8,4.69,0.12,0.44,1.97,33.3,73.3,60.2,1.33,0,LOW
PT-0177,Tripura,24.35196,91.35403,2055,36.12,301,0.68,7.08,1.0,0.5,1.55,16.2,130.4,75.9,1.56,0,LOW
PT-0178,Mizoram,24.05476,92.93857,1781,46.34,154,0.81,5.13,0.5,0.35,2.42,40.7,95.2,64.8,1.04,0,MODERATE
PT-0179,Assam (Dima Hasao),25.1695,93.12272,1854,14.64,184,0.95,4.35,1.91,0.64,1.8,39.3,211.8,94.3,2.84,0,LOW
PT-0180,Sikkim,27.43484,88.01655,3043,45.62,203,0.88,4.48,1.15,0.36,2.54,38.5,155.1,76.9,0.97,1,HIGH
PT-0181,Mizoram,23.21483,93.21511,2167,44.3,167,0.85,5.31,1.85,0.41,1.15,37.8,192.5,82.9,1.7,1,SEVERE
PT-0182,Nagaland,26.18955,93.52918,2088,37.08,341,0.95,5.87,0.35,0.47,2.54,152.9,254.2,98.0,0.98,1,SEVERE
PT-0183,Mizoram,23.32036,92.26232,1928,41.15,60,0.92,2.87,1.79,0.37,1.14,30.9,58.6,57.4,1.9,0,LOW
PT-0184,Arunachal Pradesh,27.04653,92.28123,2517,46.19,52,0.9,4.3,0.34,0.4,1.01,5.6,28.2,49.8,2.02,0,LOW
PT-0185,Meghalaya,24.72475,92.91241,2199,49.19,335,0.81,4.17,0.97,0.38,1.6,23.3,121.1,75.7,1.3,0,LOW
PT-0186,Meghalaya,24.77782,92.37893,2160,43.28,238,0.9,6.91,0.75,0.32,2.0,17.2,161.6,82.9,1.14,1,SEVERE
PT-0187,Assam (Dima Hasao),25.12671,93.12003,2050,22.1,100,0.91,5.98,1.77,0.51,3.05,39.0,158.9,81.9,1.56,0,LOW
PT-0188,Sikkim,27.87119,88.00175,1701,33.98,157,0.8,3.89,0.6,0.47,1.13,37.0,67.3,64.0,2.12,0,LOW
PT-0189,Manipur,25.50102,93.86699,2106,41.12,48,0.89,5.53,0.93,0.42,1.14,10.9,74.0,64.8,1.86,0,LOW
PT-0190,Manipur,25.50087,94.30242,2383,35.52,38,0.98,3.37,1.72,0.39,1.23,18.8,53.7,55.4,1.99,0,LOW
PT-0191,Assam (Dima Hasao),25.1123,92.96602,1903,36.96,351,0.82,7.05,1.37,0.4,2.88,62.1,236.9,96.1,0.92,1,SEVERE
PT-0192,Sikkim,27.54262,88.3122,2264,43.88,207,0.95,4.03,1.26,0.32,1.22,10.5,35.7,55.7,1.76,0,LOW
PT-0193,Assam (Dima Hasao),24.72686,93.39841,2380,27.65,330,0.78,6.21,2.03,0.45,3.19,51.9,200.4,85.0,1.21,0,MODERATE
PT-0194,Arunachal Pradesh,27.12703,92.38074,2588,58.0,221,0.88,2.76,0.16,0.3,1.38,10.4,71.6,64.6,1.52,0,LOW
PT-0195,Sikkim,27.46693,88.74037,1941,36.7,281,0.88,2.23,0.9,0.43,2.41,16.2,195.2,88.4,1.09,1,SEVERE
PT-0196,Sikkim,27.91728,88.9383,2609,36.05,248,0.85,4.08,0.78,0.41,1.06,1.5,150.3,75.9,2.05,0,LOW
PT-0197,Tripura,23.95532,92.17021,1707,46.26,51,0.58,6.69,1.22,0.41,2.62,47.7,157.7,84.5,0.91,1,HIGH
PT-0198,Manipur,25.08577,94.42707,1949,40.63,303,0.85,6.35,0.85,0.43,2.55,41.9,80.3,67.1,1.09,0,MODERATE
PT-0199,Tripura,23.97055,91.46067,1738,28.48,308,0.57,7.87,0.1,0.58,1.44,63.1,229.7,98.0,1.78,0,LOW
PT-0200,Arunachal Pradesh,27.05147,91.42725,2154,42.84,56,0.89,6.43,2.12,0.37,3.07,5.3,70.1,56.8,1.0,0,MODERATE
PT-0201,Meghalaya,25.38882,92.28424,1749,30.44,162,0.76,11.86,1.56,0.56,2.73,44.5,88.4,62.5,1.38,0,LOW
PT-0202,Mizoram,23.27282,92.9846,1930,57.34,200,0.94,6.48,1.29,0.22,1.7,32.5,153.0,74.7,1.25,0,LOW
PT-0203,Tripura,23.48877,92.14441,2701,27.61,85,0.66,14.25,1.83,0.55,2.6,0.6,50.2,58.0,1.59,0,LOW
PT-0204,Arunachal Pradesh,27.28799,91.37964,2342,51.41,214,0.91,6.9,1.14,0.3,2.2,32.6,190.2,88.4,0.97,1,SEVERE
PT-0205,Assam (Dima Hasao),24.76519,92.49845,1783,38.55,163,0.81,4.28,0.82,0.49,1.35,142.2,318.6,98.0,1.52,1,SEVERE
PT-0206,Tripura,24.16541,91.76759,1316,20.16,222,0.56,6.27,0.53,0.53,2.53,37.8,96.6,64.1,2.1,0,LOW
PT-0207,Assam (Dima Hasao),24.6851,92.88148,1900,26.71,27,0.83,5.39,0.72,0.55,2.32,1.3,44.5,52.7,1.78,0,LOW
PT-0208,Nagaland,25.64828,93.52861,1779,40.84,338,0.85,5.07,0.91,0.39,1.84,2.3,89.9,62.4,1.35,0,LOW
PT-0209,Mizoram,23.7971,92.29136,2050,38.88,342,0.84,4.75,2.14,0.44,2.22,41.8,125.9,73.1,1.19,0,MODERATE
PT-0210,Tripura,24.00726,91.53277,2044,23.73,17,0.63,11.77,1.78,0.58,2.36,70.8,114.3,75.0,1.74,0,LOW
PT-0211,Assam (Dima Hasao),25.54015,92.56142,2508,15.18,222,0.8,8.32,0.41,0.64,1.7,41.3,70.7,61.1,3.0,0,LOW
PT-0212,Arunachal Pradesh,28.00795,91.87363,2312,45.03,358,0.84,3.35,0.98,0.36,1.33,71.0,241.0,98.0,1.44,1,SEVERE
PT-0213,Nagaland,26.02289,94.43097,1674,50.22,135,0.88,4.16,1.38,0.26,1.61,46.9,176.4,79.2,1.28,0,LOW
PT-0214,Arunachal Pradesh,27.80862,91.30915,2382,38.14,190,0.72,5.75,0.74,0.4,2.08,9.4,167.8,78.3,1.22,0,MODERATE
PT-0215,Tripura,24.24884,91.63504,1237,24.64,45,0.57,6.59,1.83,0.58,2.67,41.9,141.9,72.8,1.6,0,LOW
PT-0216,Mizoram,23.97148,92.59406,1781,41.74,291,0.78,3.34,1.85,0.46,1.55,125.1,256.4,98.0,1.31,1,SEVERE
PT-0217,Tripura,23.92615,92.01249,1771,27.33,190,0.63,7.48,2.12,0.52,2.21,90.9,148.6,81.0,1.53,0,LOW
PT-0218,Nagaland,25.42208,93.85388,2554,44.09,109,0.97,5.11,1.52,0.35,1.9,75.8,217.4,87.9,1.14,1,SEVERE
PT-0219,Meghalaya,25.28685,92.48137,2074,41.71,156,0.87,6.29,0.68,0.47,2.87,12.3,77.2,62.2,1.03,0,MODERATE
PT-0220,Manipur,25.36138,93.42882,2126,57.55,191,0.9,5.25,0.69,0.3,2.06,16.2,84.8,61.4,1.11,0,MODERATE
PT-0221,Mizoram,23.34603,92.73075,2319,40.16,307,0.85,3.76,0.39,0.34,2.09,118.7,200.5,91.5,1.1,1,SEVERE
PT-0222,Assam (Dima Hasao),24.9818,93.26604,1565,30.83,243,0.94,6.79,1.17,0.55,2.85,13.2,44.3,51.0,1.43,0,LOW
PT-0223,Mizoram,23.99022,92.78084,1757,55.5,171,0.9,3.43,0.57,0.35,1.93,21.7,133.3,74.0,1.13,0,MODERATE
PT-0224,Nagaland,25.64464,94.42967,1743,23.4,36,0.89,3.04,0.35,0.58,2.17,102.3,142.2,81.2,1.77,0,LOW
PT-0225,Arunachal Pradesh,27.47103,91.93328,2125,50.91,161,0.89,2.0,0.27,0.3,3.17,3.0,92.6,62.5,0.85,1,HIGH
PT-0226,Meghalaya,25.20153,91.95012,1465,38.86,66,0.85,5.71,0.95,0.5,1.84,11.1,87.7,59.4,1.42,0,LOW
PT-0227,Arunachal Pradesh,27.88822,91.88724,2343,44.68,127,0.77,6.74,0.76,0.31,2.11,3.4,25.9,55.2,1.21,0,MODERATE
PT-0228,Tripura,24.1934,91.96564,2333,17.77,68,0.6,11.79,0.85,0.55,3.09,23.2,75.9,64.0,2.18,0,LOW
PT-0229,Meghalaya,24.76343,91.7863,2054,32.16,333,0.89,4.38,1.44,0.53,2.37,2.5,35.3,56.1,1.46,0,LOW
PT-0230,Sikkim,27.5577,88.50013,2571,35.11,242,0.92,2.58,1.54,0.38,1.93,36.7,154.5,81.0,1.35,0,LOW
PT-0231,Manipur,25.65678,93.5459,1958,37.27,58,0.95,4.72,1.38,0.48,2.83,21.1,103.7,64.4,1.12,0,MODERATE
PT-0232,Tripura,24.41243,92.07584,1741,20.56,6,0.66,11.93,1.85,0.61,1.33,35.8,170.2,78.5,2.73,0,LOW
PT-0233,Mizoram,23.8932,92.6581,2161,45.81,25,0.79,3.28,0.18,0.33,2.76,67.1,97.8,69.1,0.95,1,HIGH
PT-0234,Sikkim,26.74161,88.16607,2020,37.97,224,0.97,2.78,1.64,0.41,1.75,25.6,115.9,73.9,1.4,0,LOW
PT-0235,Tripura,24.27988,92.02862,1545,27.07,356,0.68,15.98,1.87,0.46,3.0,42.1,129.4,74.6,1.37,0,LOW
PT-0236,Arunachal Pradesh,27.71363,92.28509,1953,52.81,66,0.82,3.17,1.96,0.3,1.14,5.6,163.9,81.3,1.68,1,SEVERE
PT-0237,Assam (Dima Hasao),25.74347,93.21381,2387,30.19,358,0.88,5.42,1.63,0.5,2.46,11.7,163.1,84.8,1.29,0,LOW
PT-0238,Sikkim,26.74397,89.12125,2256,33.56,253,0.95,2.19,1.13,0.43,3.13,12.6,133.7,73.4,1.11,0,MODERATE
PT-0239,Assam (Dima Hasao),24.6646,92.94303,1958,32.11,255,0.85,4.32,1.14,0.51,1.23,40.7,55.7,53.2,2.16,0,LOW
PT-0240,Mizoram,24.18813,92.7848,1881,35.33,174,0.84,2.94,0.57,0.45,2.23,26.3,149.7,80.1,1.23,0,MODERATE
PT-0241,Nagaland,25.19692,94.18069,2169,46.02,324,0.98,3.36,1.2,0.4,1.1,7.6,140.9,78.2,1.77,0,LOW
PT-0242,Nagaland,25.38515,93.62511,2635,49.64,110,0.89,6.3,1.61,0.27,1.91,42.7,154.9,81.8,1.12,1,HIGH
PT-0243,Tripura,23.86887,91.95718,1686,10.0,2,0.64,6.12,2.06,0.72,2.06,127.0,171.2,83.4,3.0,0,LOW
PT-0244,Meghalaya,24.63426,92.54903,1869,30.81,196,0.81,5.55,1.55,0.45,1.88,17.4,165.2,77.7,1.54,0,LOW
PT-0245,Mizoram,24.13169,92.76737,2726,35.21,283,0.9,3.36,1.41,0.42,1.76,49.2,171.5,87.3,1.38,0,LOW
PT-0246,Arunachal Pradesh,27.83242,92.16293,2163,34.83,341,0.86,4.3,1.98,0.47,2.93,0.6,33.2,51.1,1.26,0,LOW
PT-0247,Sikkim,27.53431,88.23988,2062,42.01,146,0.92,2.4,0.23,0.45,1.45,22.2,111.9,70.8,1.52,0,LOW
PT-0248,Assam (Dima Hasao),25.4609,93.08352,2636,36.02,356,0.82,6.73,2.05,0.43,3.1,19.1,125.2,67.7,1.08,0,MODERATE
PT-0249,Mizoram,23.3637,93.15262,1908,45.19,115,0.95,5.85,1.46,0.41,2.2,39.9,214.0,90.0,1.01,1,SEVERE
PT-0250,Meghalaya,25.69014,91.84936,1926,47.89,61,0.81,4.6,1.27,0.29,2.28,20.1,152.2,75.0,1.02,0,MODERATE
PT-0251,Meghalaya,25.62435,92.47626,1574,37.56,338,0.79,7.1,1.26,0.37,2.56,157.3,258.2,98.0,0.97,1,SEVERE
PT-0252,Meghalaya,25.00912,92.40444,2195,40.44,109,0.86,4.21,0.72,0.49,2.36,41.2,180.3,86.2,1.04,1,SEVERE
PT-0253,Nagaland,25.88273,93.9248,1892,47.54,318,0.85,2.6,1.96,0.33,2.75,14.8,149.3,73.1,0.92,1,HIGH
PT-0254,Arunachal Pradesh,27.59717,91.86048,2364,37.73,333,0.76,3.3,2.09,0.38,3.1,0.4,26.2,52.5,1.13,0,MODERATE
PT-0255,Assam (Dima Hasao),25.60794,92.91905,2289,42.4,359,0.94,7.38,1.01,0.45,1.16,6.1,139.4,71.0,1.78,0,LOW
PT-0256,Nagaland,25.14512,94.34306,2001,29.84,116,0.98,3.81,1.05,0.49,1.7,6.3,22.3,52.1,1.9,0,LOW
PT-0257,Nagaland,25.98715,94.09273,2035,38.12,257,0.82,6.36,0.73,0.37,2.68,25.1,149.1,77.5,1.06,0,MODERATE
PT-0258,Assam (Dima Hasao),24.73366,92.87919,1604,37.77,324,0.79,6.83,2.02,0.48,2.6,149.3,255.6,98.0,0.96,1,SEVERE
PT-0259,Nagaland,25.13013,94.07726,2437,31.57,43,0.86,5.95,2.0,0.46,1.91,28.1,69.7,57.5,1.65,0,LOW
PT-0260,Mizoram,23.35319,92.32763,1548,44.5,281,0.86,4.79,0.71,0.31,1.22,26.9,96.5,62.5,1.72,0,LOW
PT-0261,Assam (Dima Hasao),24.69005,93.15342,1845,40.31,230,0.83,6.69,1.56,0.36,2.25,48.1,90.9,63.1,1.2,0,MODERATE
PT-0262,Assam (Dima Hasao),25.42464,93.17901,2350,33.82,347,0.91,9.26,1.07,0.45,1.67,9.7,124.8,75.9,1.56,0,LOW
PT-0263,Meghalaya,25.57956,91.99572,1571,34.91,38,0.91,7.94,1.43,0.51,2.27,14.6,35.6,50.4,1.43,0,LOW
PT-0264,Tripura,24.10469,91.42836,2171,13.67,301,0.68,6.86,1.08,0.64,1.87,54.3,209.2,94.1,2.97,0,LOW
PT-0265,Meghalaya,25.41865,91.92844,2440,41.23,289,0.86,11.78,1.65,0.4,1.79,33.4,58.8,56.6,1.4,0,LOW
PT-0266,Sikkim,27.5323,88.62146,1934,43.91,232,0.96,2.1,1.46,0.32,3.13,17.3,154.7,79.8,0.86,1,HIGH
PT-0267,Meghalaya,24.96199,92.21422,1668,22.34,39,0.83,4.38,2.01,0.57,1.78,26.9,121.4,72.8,2.17,0,LOW
PT-0268,Meghalaya,25.03788,92.03599,2034,29.94,76,0.77,4.32,1.61,0.44,1.51,37.4,131.9,73.8,1.85,0,LOW
PT-0269,Assam (Dima Hasao),25.27895,93.18671,2163,30.25,65,0.87,4.44,1.42,0.42,2.26,14.9,59.6,62.7,1.53,0,LOW
PT-0270,Sikkim,27.78421,88.87357,1504,49.88,110,0.87,14.33,1.92,0.28,2.83,40.8,191.2,83.9,0.84,1,SEVERE
PT-0271,Mizoram,23.32127,92.93271,1978,48.93,35,0.82,4.02,0.33,0.29,2.89,27.2,66.9,55.7,0.95,1,HIGH
PT-0272,Tripura,24.40193,91.96978,1410,32.64,60,0.55,8.69,1.99,0.48,1.0,35.5,121.7,71.0,2.33,0,LOW
PT-0273,Sikkim,27.56717,88.51475,2118,49.97,195,0.85,6.08,2.01,0.39,2.27,14.7,156.1,83.4,0.98,1,HIGH
PT-0274,Nagaland,25.41992,94.44212,2288,34.92,3,0.92,2.81,0.12,0.48,2.51,22.5,63.0,60.4,1.29,0,LOW
PT-0275,Mizoram,23.43356,92.75333,2009,30.52,348,0.85,3.37,1.26,0.5,1.39,33.1,211.2,92.2,1.77,0,LOW
PT-0276,Manipur,25.54294,94.446,1640,31.28,228,0.95,10.45,0.31,0.49,2.73,32.6,160.6,75.9,1.24,0,MODERATE
PT-0277,Manipur,25.81748,93.42635,2236,41.53,307,0.88,3.17,0.57,0.34,1.08,208.2,324.5,98.0,1.75,1,SEVERE
PT-0278,Sikkim,27.86486,88.98427,1979,36.87,103,0.95,8.68,1.19,0.39,2.72,59.9,176.4,85.5,1.02,1,SEVERE
PT-0279,Arunachal Pradesh,27.26711,91.25034,3331,57.97,204,0.79,2.76,1.33,0.27,2.62,4.7,66.6,62.9,0.93,1,HIGH
PT-0280,Arunachal Pradesh,27.39697,92.22862,3228,46.86,232,0.91,3.64,0.65,0.34,1.23,17.4,188.7,89.5,1.56,1,SEVERE
PT-0281,Mizoram,24.17134,93.08578,1955,29.71,193,0.88,6.47,1.69,0.58,2.01,44.2,63.7,55.2,1.71,0,LOW
PT-0282,Nagaland,25.53921,94.33639,2699,41.16,161,0.88,3.59,1.22,0.44,1.58,25.5,164.1,79.5,1.4,0,LOW
PT-0283,Meghalaya,25.08187,92.18425,1889,40.68,349,0.92,3.73,1.65,0.37,1.53,13.0,165.8,84.8,1.41,1,SEVERE
PT-0284,Arunachal Pradesh,27.16719,91.37803,2087,53.87,339,0.82,1.52,1.9,0.37,2.87,18.9,182.1,88.9,0.79,1,SEVERE
PT-0285,Mizoram,23.70897,93.29127,2057,45.26,113,0.92,3.14,1.2,0.36,3.07,21.3,178.3,87.0,0.82,1,SEVERE
PT-0286,Tripura,24.49181,92.08789,1842,14.89,6,0.66,7.19,0.31,0.6,2.9,15.2,74.7,66.0,2.63,0,LOW
PT-0287,Arunachal Pradesh,27.41911,91.84852,2867,46.86,190,0.79,2.78,1.05,0.37,3.15,41.6,175.5,86.7,0.79,1,SEVERE
PT-0288,Manipur,25.68757,93.65528,1584,41.8,242,0.95,3.49,1.15,0.48,2.87,63.7,208.3,88.8,0.89,1,SEVERE
PT-0289,Sikkim,27.20808,88.82865,2506,54.79,243,0.95,2.25,1.66,0.25,1.79,83.0,154.8,78.2,1.18,0,MODERATE
PT-0290,Arunachal Pradesh,28.02084,92.40574,2775,47.1,332,0.83,11.2,0.7,0.33,2.12,25.1,53.0,57.8,1.16,0,MODERATE
PT-0291,Tripura,24.07805,91.42382,2262,32.74,172,0.61,8.37,0.95,0.54,1.17,18.8,141.5,78.2,2.02,0,LOW
PT-0292,Manipur,24.9855,93.95388,1877,42.64,300,0.89,4.5,0.45,0.45,1.28,14.5,152.2,81.0,1.6,1,HIGH
PT-0293,Assam (Dima Hasao),24.77029,92.53361,2305,49.18,280,0.77,7.68,1.2,0.42,1.23,8.8,177.5,82.9,1.57,1,SEVERE
PT-0294,Assam (Dima Hasao),24.86688,92.75101,1892,32.21,87,0.77,6.72,1.91,0.45,2.05,29.3,89.2,64.1,1.51,0,LOW
PT-0295,Meghalaya,25.219,92.30785,1343,35.89,222,0.83,5.75,0.75,0.43,2.19,24.9,100.3,64.7,1.33,0,LOW
PT-0296,Mizoram,23.13267,92.73798,2010,40.21,146,0.86,2.82,2.04,0.49,2.05,28.1,91.4,62.4,1.28,0,LOW
PT-0297,Sikkim,27.38785,88.22629,2016,47.94,127,0.81,5.34,0.92,0.33,1.58,13.7,154.8,83.2,1.29,1,HIGH
PT-0298,Mizoram,23.46161,93.00151,1863,42.8,35,0.81,3.65,1.44,0.41,1.6,13.5,31.7,47.5,1.52,0,LOW
PT-0299,Sikkim,26.95313,88.12273,2820,40.57,4,0.83,2.41,1.14,0.39,1.69,49.9,141.4,79.0,1.35,0,LOW
PT-0300,Arunachal Pradesh,27.07627,92.15068,2558,47.59,200,0.73,3.09,0.5,0.41,2.8,10.5,152.2,76.0,0.89,1,HIGH
PT-0301,Tripura,23.61659,92.44344,2251,29.84,48,0.63,16.06,1.09,0.53,1.69,49.6,71.6,65.1,1.8,0,LOW
PT-0302,Nagaland,25.38398,94.15622,2859,43.96,341,0.84,2.8,1.43,0.36,1.37,6.4,151.6,73.4,1.53,0,LOW
PT-0303,Sikkim,27.42729,88.8289,2081,40.36,45,0.83,3.73,1.54,0.39,3.13,7.7,81.4,59.4,1.03,0,MODERATE
PT-0304,Nagaland,25.23099,93.66921,2094,52.13,177,0.96,3.94,0.51,0.35,1.79,114.5,209.6,90.5,1.13,1,SEVERE
PT-0305,Mizoram,23.77128,92.69811,2021,31.42,165,0.92,3.61,1.85,0.55,2.22,8.4,72.2,58.5,1.52,0,LOW
PT-0306,Arunachal Pradesh,27.52489,92.1811,2318,31.81,9,0.84,2.63,1.4,0.46,1.14,41.9,88.2,66.2,2.19,0,LOW
PT-0307,Meghalaya,25.24565,92.14712,1928,33.7,267,0.86,3.31,2.07,0.42,1.07,10.6,30.8,53.2,2.29,0,LOW
PT-0308,Manipur,25.44951,94.05099,1873,36.26,187,0.83,6.16,0.13,0.52,2.44,42.4,134.6,76.0,1.17,0,MODERATE
PT-0309,Arunachal Pradesh,27.64962,92.37589,2509,37.78,29,0.88,2.27,0.19,0.37,1.67,48.2,79.2,64.7,1.51,0,LOW
PT-0310,Manipur,24.88735,94.05143,2620,38.08,91,0.9,5.04,1.67,0.48,2.27,36.6,122.1,67.9,1.22,0,MODERATE
PT-0311,Meghalaya,25.16996,92.36563,1698,30.91,307,0.82,4.29,0.76,0.57,1.71,72.2,158.2,82.1,1.6,0,LOW
PT-0312,Assam (Dima Hasao),25.24577,92.66671,1229,36.69,130,0.83,5.51,2.12,0.36,1.08,0.8,38.1,57.3,2.12,0,LOW
PT-0313,Sikkim,27.0904,88.26626,2212,42.97,353,0.94,8.29,1.17,0.4,2.26,30.8,71.6,58.4,1.17,0,MODERATE
PT-0314,Assam (Dima Hasao),24.84959,93.38329,2218,41.35,111,0.91,7.21,1.77,0.35,2.82,30.9,195.7,89.0,0.9,1,SEVERE
PT-0315,Mizoram,23.16485,93.08001,2612,30.4,171,0.84,7.05,0.97,0.56,2.91,52.9,167.3,76.9,1.23,0,MODERATE
PT-0316,Manipur,24.72495,94.04926,2539,33.92,167,0.89,3.62,0.21,0.5,1.86,45.2,143.5,73.8,1.46,0,LOW
PT-0317,Mizoram,24.06364,92.28761,2540,35.61,25,0.88,3.56,0.94,0.44,2.54,26.6,74.3,60.3,1.26,0,LOW
PT-0318,Assam (Dima Hasao),25.2434,93.60649,1985,29.48,136,0.92,4.98,2.04,0.44,2.48,21.4,89.3,65.6,1.47,0,LOW
PT-0319,Sikkim,27.65362,88.20311,2796,33.84,226,0.9,3.45,2.04,0.43,2.51,65.2,94.4,68.2,1.27,0,LOW
PT-0320,Assam (Dima Hasao),25.70873,93.52208,1548,44.43,7,0.83,8.08,0.74,0.38,1.73,14.5,119.7,73.8,1.29,0,LOW
PT-0321,Tripura,24.06765,92.44076,1220,22.23,192,0.65,8.72,0.19,0.51,1.62,32.8,56.6,59.0,2.46,0,LOW
PT-0322,Sikkim,26.80992,88.79245,1609,33.39,184,0.95,2.05,1.92,0.5,1.51,187.8,219.2,91.4,1.57,0,LOW
PT-0323,Nagaland,25.3037,93.99078,2373,22.46,11,0.81,8.89,0.74,0.56,2.64,57.6,131.2,71.9,1.76,0,LOW
PT-0324,Mizoram,24.09427,92.86095,1691,51.41,15,0.96,10.25,0.57,0.3,1.86,65.4,166.3,83.4,1.13,1,SEVERE
PT-0325,Assam (Dima Hasao),25.0708,93.09748,2160,29.19,309,0.83,5.95,0.53,0.45,2.19,43.8,109.8,71.2,1.53,0,LOW
PT-0326,Meghalaya,25.02608,92.8508,1552,37.38,289,0.91,4.15,1.27,0.51,1.26,105.9,240.9,98.0,1.63,1,SEVERE
PT-0327,Manipur,25.81344,93.78402,1480,37.62,326,0.98,3.8,1.74,0.37,1.41,32.5,91.5,65.8,1.68,0,LOW
PT-0328,Assam (Dima Hasao),25.28563,92.68709,2048,38.01,244,0.79,8.68,1.08,0.46,1.4,32.1,74.1,58.6,1.72,0,LOW
PT-0329,Manipur,25.57745,93.43802,2488,37.04,343,0.98,6.54,0.24,0.51,3.17,27.0,95.6,65.6,1.06,0,MODERATE
PT-0330,Assam (Dima Hasao),25.08307,93.34146,1615,24.11,160,0.84,11.0,1.3,0.55,2.41,6.7,39.7,53.3,1.92,0,LOW
PT-0331,Sikkim,27.78334,88.29487,2033,21.07,20,0.89,3.81,1.42,0.5,1.64,18.2,169.8,82.0,2.29,0,LOW
PT-0332,Manipur,25.0133,94.52284,1426,32.02,237,0.96,4.5,1.62,0.42,2.71,36.3,73.6,60.3,1.34,0,LOW
PT-0333,Tripura,23.34989,91.79442,1259,38.7,232,0.55,6.98,1.46,0.46,1.36,9.1,140.6,77.3,1.63,0,LOW
PT-0334,Nagaland,25.70858,93.8509,1759,41.29,81,0.88,3.7,1.71,0.47,2.24,11.8,170.2,79.2,1.1,0,MODERATE
PT-0335,Sikkim,27.2335,88.37142,1892,42.95,320,0.82,7.72,2.12,0.31,2.68,34.4,131.7,77.0,0.97,1,HIGH
PT-0336,Tripura,23.60545,91.95663,1764,18.38,40,0.65,6.02,1.95,0.56,2.38,14.3,59.8,53.7,2.51,0,LOW
PT-0337,Arunachal Pradesh,27.02407,92.2746,1760,36.87,152,0.79,1.73,0.33,0.52,1.35,54.1,184.6,86.3,1.63,1,SEVERE
PT-0338,Meghalaya,25.66955,92.6592,2132,34.71,153,0.79,8.9,1.82,0.5,2.86,31.8,66.9,63.3,1.19,0,MODERATE
PT-0339,Arunachal Pradesh,27.61246,91.87958,1885,40.55,55,0.83,11.2,1.21,0.35,2.59,40.5,172.1,82.1,1.0,1,SEVERE
PT-0340,Arunachal Pradesh,27.29159,91.94017,1779,31.73,314,0.83,3.33,1.43,0.48,1.4,36.9,213.5,87.0,1.75,0,LOW
PT-0341,Sikkim,27.28786,88.95608,2032,41.6,315,0.98,3.34,0.8,0.41,2.4,11.2,72.7,63.9,1.13,0,MODERATE
PT-0342,Mizoram,23.48034,92.76999,2028,40.39,170,0.84,6.02,1.39,0.34,1.39,20.6,146.6,81.4,1.54,1,HIGH
PT-0343,Sikkim,27.50478,88.57779,1740,30.97,274,0.96,3.55,1.81,0.56,1.12,41.6,168.5,82.6,2.14,0,LOW
PT-0344,Sikkim,26.97991,88.82259,1572,46.81,181,0.79,2.4,1.87,0.33,1.83,9.1,124.0,69.2,1.23,0,MODERATE
PT-0345,Nagaland,26.11751,94.29185,1872,37.19,16,0.85,2.73,1.94,0.42,2.82,37.2,81.1,61.6,1.14,0,MODERATE
PT-0346,Sikkim,27.66335,89.09602,2297,40.42,247,0.96,2.42,0.81,0.41,2.92,19.8,161.8,76.6,0.97,1,SEVERE
PT-0347,Meghalaya,24.75622,91.80386,2514,24.59,59,0.73,9.93,1.54,0.56,1.19,2.4,103.3,69.3,2.6,0,LOW
PT-0348,Mizoram,23.14698,93.02019,2016,36.69,102,0.81,3.61,0.77,0.43,1.26,16.0,33.5,53.6,1.93,0,LOW
PT-0349,Nagaland,25.32789,93.81038,2340,37.27,145,0.91,2.97,0.75,0.5,2.19,1.5,165.5,76.9,1.21,0,MODERATE
PT-0350,Manipur,24.72456,93.93176,2555,42.36,303,0.92,5.93,1.04,0.37,1.73,71.0,219.5,89.1,1.24,1,SEVERE
PT-0351,Tripura,24.00135,91.3615,1196,29.75,49,0.62,8.88,1.59,0.5,1.51,98.7,215.5,96.5,1.67,0,LOW
PT-0352,Manipur,24.88002,94.52072,2738,30.8,166,0.88,3.08,1.1,0.47,2.01,73.0,187.7,82.6,1.44,0,LOW
PT-0353,Nagaland,25.56682,94.24713,2442,46.48,36,0.96,4.4,0.94,0.35,2.37,182.3,260.6,98.0,0.91,1,SEVERE
PT-0354,Manipur,25.60118,93.94242,1703,40.19,120,0.82,5.77,1.65,0.45,2.84,45.3,114.0,66.1,1.04,0,MODERATE
PT-0355,Tripura,23.53141,92.39706,1781,29.26,305,0.68,7.19,1.14,0.53,1.2,44.9,208.9,92.3,2.04,0,LOW
PT-0356,Sikkim,27.63849,88.79306,2354,36.04,315,0.9,2.54,1.53,0.42,2.25,18.7,189.3,86.0,1.17,1,SEVERE
PT-0357,Arunachal Pradesh,28.16835,91.94927,2070,37.15,65,0.89,1.66,1.99,0.52,1.0,192.4,225.5,92.4,2.01,1,SEVERE
PT-0358,Sikkim,27.01229,88.84267,2458,36.83,195,0.86,3.43,0.54,0.39,1.31,92.7,167.1,80.9,1.7,1,SEVERE
PT-0359,Mizoram,24.31695,92.91408,2300,41.92,8,0.8,8.2,1.48,0.48,1.3,82.0,238.9,98.0,1.5,1,SEVERE
PT-0360,Manipur,25.4079,93.96527,2427,25.66,196,0.86,3.51,1.37,0.55,2.86,34.8,117.6,71.3,1.5,0,LOW
PT-0361,Arunachal Pradesh,27.02015,91.29544,2375,36.85,297,0.82,4.43,0.4,0.48,3.16,40.0,131.7,69.8,1.04,0,MODERATE
PT-0362,Nagaland,25.37428,94.1468,1719,33.25,350,0.93,6.5,0.76,0.4,1.76,26.1,125.7,72.3,1.55,0,LOW
PT-0363,Arunachal Pradesh,27.48522,92.4027,2063,45.85,18,0.86,3.78,0.74,0.41,1.57,31.0,140.5,77.5,1.34,0,LOW
PT-0364,Mizoram,24.09067,92.85918,2341,39.29,258,0.79,6.63,0.63,0.44,1.61,67.6,182.2,89.2,1.36,1,SEVERE
PT-0365,Meghalaya,25.30099,92.20372,2605,41.92,120,0.83,7.22,1.91,0.38,1.19,135.9,176.3,83.7,1.69,1,SEVERE
PT-0366,Manipur,25.58444,93.70554,2313,28.06,107,0.91,7.61,0.21,0.48,2.8,31.2,124.8,72.2,1.39,0,LOW
PT-0367,Assam (Dima Hasao),25.02576,93.25673,2056,30.85,222,0.76,10.55,1.04,0.52,3.12,6.8,173.2,84.5,1.11,0,MODERATE
PT-0368,Manipur,25.39258,94.20248,2405,37.16,50,0.84,5.19,1.07,0.47,1.53,39.7,140.5,77.7,1.53,0,LOW
PT-0369,Meghalaya,24.88592,91.77269,2066,38.81,210,0.75,3.47,1.04,0.38,1.62,1.2,31.4,56.3,1.56,0,LOW
PT-0370,Assam (Dima Hasao),25.71059,93.1757,1854,34.01,309,0.79,6.67,1.99,0.48,3.13,36.3,93.1,65.2,1.15,0,MODERATE
PT-0371,Nagaland,25.84654,94.49723,2529,37.69,341,0.95,3.48,0.44,0.37,2.71,20.2,45.1,59.5,1.17,0,MODERATE
PT-0372,Mizoram,23.33352,92.19328,2169,44.98,201,0.81,4.49,0.4,0.42,1.48,46.1,179.1,80.4,1.4,1,SEVERE
PT-0373,Nagaland,25.16449,94.26305,2097,39.25,254,0.83,5.06,2.06,0.45,1.59,45.7,155.5,79.4,1.43,0,LOW
PT-0374,Tripura,23.89377,91.7347,1076,24.09,35,0.64,6.01,2.1,0.6,2.06,136.7,210.9,93.2,1.65,0,LOW
PT-0375,Manipur,24.72623,94.61642,1863,33.69,174,0.81,4.54,1.71,0.49,1.39,24.2,70.7,62.5,1.86,0,LOW
PT-0376,Nagaland,25.83674,93.82111,2416,48.14,97,0.83,3.04,1.61,0.36,2.08,38.9,104.7,68.4,1.12,0,MODERATE
PT-0377,Tripura,24.47989,91.2697,1979,22.38,21,0.61,6.59,1.47,0.57,3.07,29.1,166.4,78.9,1.57,0,LOW
PT-0378,Nagaland,25.12425,93.55991,1839,34.19,316,0.81,5.52,0.37,0.41,1.11,78.9,169.2,78.9,2.03,0,LOW
PT-0379,Nagaland,26.06136,93.5176,2176,25.56,112,0.81,3.07,0.81,0.59,2.62,6.4,134.3,75.0,1.54,0,LOW
PT-0380,Arunachal Pradesh,27.98371,92.20172,1872,44.9,171,0.73,2.3,1.69,0.32,1.81,14.0,125.0,68.8,1.26,0,LOW
PT-0381,Manipur,25.59319,93.43876,2133,37.16,91,0.98,6.07,1.35,0.41,2.53,26.4,62.3,55.1,1.25,0,LOW
PT-0382,Mizoram,23.7477,92.60444,2017,49.53,19,0.89,5.96,1.39,0.27,2.82,27.1,134.1,71.4,0.89,1,HIGH
PT-0383,Nagaland,25.82271,94.42528,2130,47.9,237,0.95,5.19,0.68,0.3,2.75,48.6,141.9,73.0,0.91,1,HIGH
PT-0384,Sikkim,26.79483,88.43703,2527,43.43,315,0.94,5.55,0.19,0.43,3.03,77.0,172.0,79.0,0.89,1,SEVERE
PT-0385,Assam (Dima Hasao),25.43568,93.12125,2231,32.71,346,0.94,4.65,0.33,0.43,1.52,11.2,173.3,78.9,1.68,0,LOW
PT-0386,Tripura,23.38521,91.77304,2179,28.17,91,0.61,6.37,1.61,0.54,3.15,6.8,136.0,70.5,1.32,0,LOW
PT-0387,Meghalaya,24.64333,92.31864,2350,24.96,112,0.91,5.51,1.76,0.56,2.35,175.6,331.7,98.0,1.43,0,LOW
PT-0388,Tripura,24.35464,91.50973,1774,17.76,7,0.68,9.33,0.62,0.57,2.27,31.6,71.2,61.4,2.53,0,LOW
PT-0389,Sikkim,27.23133,88.05307,2238,54.18,258,0.79,3.89,1.11,0.35,2.81,13.8,121.0,66.7,0.88,1,HIGH
PT-0390,Manipur,25.79992,93.57925,2614,34.93,46,0.79,5.76,0.44,0.45,2.25,187.4,278.9,98.0,1.11,0,MODERATE
PT-0391,Manipur,24.88193,94.46586,1739,29.82,0,0.96,3.18,1.98,0.47,1.07,15.7,186.8,86.5,2.24,0,LOW
PT-0392,Assam (Dima Hasao),25.51523,92.50715,1636,43.96,28,0.86,10.02,0.86,0.31,1.84,2.1,77.6,63.6,1.29,0,LOW
PT-0393,Nagaland,25.75291,94.31829,2406,43.37,276,0.82,4.13,2.07,0.4,3.11,68.3,120.5,70.0,0.92,1,HIGH
PT-0394,Mizoram,23.72428,92.61751,2313,46.82,231,0.87,4.67,0.36,0.39,2.49,17.3,134.8,77.7,0.96,1,HIGH
PT-0395,Nagaland,25.30602,94.45077,2346,45.37,91,0.86,10.34,0.33,0.34,2.53,104.0,204.9,91.4,0.91,1,SEVERE
PT-0396,Mizoram,23.61984,92.92888,2034,47.73,215,0.86,5.39,0.71,0.28,2.92,147.3,268.7,98.0,0.77,1,SEVERE
PT-0397,Arunachal Pradesh,27.76691,92.19419,2385,32.94,271,0.89,2.97,0.74,0.42,2.74,15.1,110.0,73.9,1.2,0,MODERATE
PT-0398,Sikkim,26.90801,88.34126,2137,52.02,82,0.92,2.84,2.14,0.37,2.52,11.9,66.2,55.0,1.0,0,MODERATE
PT-0399,Arunachal Pradesh,27.66943,91.77907,2513,40.53,17,0.85,11.04,0.41,0.4,3.15,6.5,25.6,54.9,1.04,0,MODERATE
PT-0400,Meghalaya,25.64735,92.87337,2830,47.06,279,0.93,4.21,1.58,0.35,1.64,49.1,158.8,76.4,1.29,0,LOW
PT-0401,Tripura,23.72642,91.38478,1723,23.87,347,0.64,6.92,0.94,0.61,1.98,2.8,123.6,73.0,1.92,0,LOW
PT-0402,Assam (Dima Hasao),25.50754,93.33051,2162,36.05,228,0.9,11.9,2.15,0.43,2.08,28.0,52.2,58.2,1.4,0,LOW
PT-0403,Manipur,24.83754,94.44456,2376,33.05,145,0.86,3.92,1.04,0.48,1.47,38.4,122.0,71.3,1.76,0,LOW
PT-0404,Meghalaya,25.47681,92.92443,2403,21.82,71,0.9,5.48,0.4,0.54,3.17,20.4,189.4,87.6,1.49,0,LOW
PT-0405,Manipur,24.76614,93.91135,1944,44.66,284,0.88,5.1,2.02,0.33,2.83,33.7,184.5,83.6,0.88,1,SEVERE
PT-0406,Mizoram,23.71292,92.99783,2811,42.12,78,0.82,10.61,1.85,0.39,2.44,23.8,120.0,73.3,1.06,0,MODERATE
PT-0407,Assam (Dima Hasao),24.60413,93.32766,2065,15.1,306,0.91,6.18,1.29,0.68,2.38,59.2,93.9,65.8,2.83,0,LOW
PT-0408,Sikkim,27.74434,88.19542,2380,48.14,354,0.81,2.45,0.67,0.34,3.01,17.1,119.5,75.7,0.85,1,HIGH
PT-0409,Assam (Dima Hasao),25.48973,92.6299,2352,45.39,278,0.82,4.95,1.87,0.42,1.6,21.3,124.5,70.9,1.36,0,LOW
PT-0410,Meghalaya,24.52548,92.3818,2348,29.97,174,0.91,3.64,0.56,0.5,2.83,30.1,158.9,84.5,1.2,0,MODERATE
PT-0411,Nagaland,25.58082,94.48924,2289,41.96,8,0.9,3.43,0.86,0.45,2.96,72.1,143.5,78.7,0.92,1,HIGH
PT-0412,Sikkim,27.62335,88.14232,2659,49.97,352,0.83,2.33,0.37,0.27,2.52,8.5,151.3,80.9,0.92,1,HIGH
PT-0413,Sikkim,26.96562,88.03935,1873,36.6,240,0.8,2.73,0.24,0.47,2.66,46.4,95.3,70.0,1.14,0,MODERATE
PT-0414,Meghalaya,25.31472,91.79511,2519,43.58,142,0.92,4.27,0.44,0.39,2.6,42.2,73.6,62.0,1.05,0,MODERATE
PT-0415,Sikkim,27.36461,88.85897,2222,46.49,275,0.78,5.23,2.04,0.43,2.87,59.9,105.4,69.9,0.92,1,HIGH
PT-0416,Nagaland,25.29702,93.81579,2331,35.21,116,0.88,6.08,0.76,0.45,2.14,22.4,85.0,65.9,1.36,0,LOW
PT-0417,Nagaland,25.47374,93.52887,2628,36.87,159,0.94,7.1,0.57,0.43,3.17,97.2,259.8,98.0,0.86,1,SEVERE
PT-0418,Arunachal Pradesh,27.19516,92.44847,2348,40.47,224,0.82,4.32,0.35,0.4,2.53,38.4,200.7,85.8,1.0,1,SEVERE
PT-0419,Arunachal Pradesh,28.15025,91.65636,1738,25.03,62,0.77,2.88,1.15,0.58,2.69,70.6,217.8,97.3,1.32,0,LOW
PT-0420,Arunachal Pradesh,27.55099,91.9738,2567,36.88,142,0.75,3.02,0.36,0.44,1.51,6.3,143.0,79.8,1.54,0,LOW
PT-0421,Tripura,24.13373,92.41649,2064,17.63,78,0.59,8.44,1.7,0.63,2.14,31.4,94.8,65.8,2.56,0,LOW
PT-0422,Mizoram,23.77093,93.08138,2183,38.63,16,0.97,8.1,0.35,0.42,2.88,1.8,46.0,56.7,1.13,0,MODERATE
PT-0423,Mizoram,24.18164,92.30697,2327,34.11,199,0.87,3.09,1.52,0.49,2.51,32.3,188.3,86.5,1.13,0,MODERATE
PT-0424,Manipur,24.97607,94.12925,2495,29.89,145,0.85,3.07,0.19,0.55,1.77,6.2,168.3,80.4,1.62,0,LOW
PT-0425,Nagaland,25.59378,94.58033,2227,36.82,125,0.85,5.11,1.34,0.51,1.14,20.6,38.9,51.8,2.07,0,LOW
PT-0426,Tripura,24.10932,91.75697,1676,18.19,10,0.67,8.22,2.17,0.58,1.86,82.6,114.1,71.9,2.58,0,LOW
PT-0427,Arunachal Pradesh,27.57608,92.22375,2156,41.75,153,0.79,2.93,1.14,0.46,2.73,29.1,91.5,60.6,1.07,0,MODERATE
PT-0428,Manipur,25.62552,94.16949,1984,49.51,296,0.81,4.03,0.24,0.39,2.05,79.4,201.9,87.4,1.04,1,SEVERE
PT-0429,Mizoram,23.63949,92.75794,2537,42.35,319,0.87,5.58,1.25,0.46,2.38,10.3,107.7,70.3,1.09,0,MODERATE
PT-0430,Tripura,23.64152,92.01551,1071,31.31,222,0.72,9.24,0.23,0.44,2.02,68.6,209.9,94.6,1.33,0,LOW
PT-0431,Manipur,25.04238,94.41626,2223,42.65,211,0.84,3.85,0.44,0.42,1.52,8.1,27.7,54.1,1.54,0,LOW
PT-0432,Mizoram,23.67699,92.78179,2397,30.04,18,0.81,3.6,0.16,0.55,1.61,51.7,73.7,63.4,1.85,0,LOW
PT-0433,Sikkim,26.79639,89.07581,2540,39.53,32,0.96,3.31,0.86,0.45,1.2,37.6,75.8,57.8,1.87,0,LOW
PT-0434,Nagaland,25.70635,94.38478,1912,55.51,128,0.9,2.74,1.36,0.33,1.69,38.2,186.2,88.4,1.2,1,SEVERE
PT-0435,Manipur,24.92161,93.54818,2403,39.34,209,0.84,5.23,1.13,0.4,3.09,27.6,155.3,83.8,0.91,1,HIGH
PT-0436,Meghalaya,24.9456,92.61881,1994,36.67,310,0.74,6.56,1.78,0.37,3.02,16.4,94.9,67.3,1.08,0,MODERATE
PT-0437,Arunachal Pradesh,28.06379,92.0723,2284,38.62,226,0.8,7.51,0.93,0.5,1.56,86.5,140.4,73.0,1.5,0,LOW
PT-0438,Meghalaya,25.60907,92.51762,1649,45.3,208,0.89,4.0,0.27,0.42,2.08,46.7,116.6,69.9,1.14,0,MODERATE
PT-0439,Nagaland,26.06928,94.22818,2152,32.02,308,0.95,4.48,0.79,0.51,2.68,13.3,101.5,68.7,1.29,0,LOW
PT-0440,Sikkim,27.21079,88.75396,2403,40.79,80,0.83,5.13,1.71,0.43,1.29,26.4,196.4,87.7,1.58,1,SEVERE
PT-0441,Meghalaya,24.82282,92.58496,1504,42.24,101,0.75,4.35,0.93,0.38,2.84,1.0,19.8,49.9,1.09,0,MODERATE
PT-0442,Assam (Dima Hasao),25.65821,93.57895,2540,38.72,86,0.77,6.41,1.36,0.37,3.11,41.9,59.2,58.3,1.07,0,MODERATE
PT-0443,Tripura,24.31271,91.84298,1942,26.81,136,0.59,7.7,0.37,0.58,2.32,17.7,144.4,76.0,1.56,0,LOW
PT-0444,Manipur,25.61096,93.45453,2091,43.43,230,0.97,4.15,1.54,0.38,1.02,19.5,148.8,79.6,1.9,0,LOW
PT-0445,Manipur,25.51014,94.30332,2286,37.87,30,0.8,9.69,1.09,0.41,2.33,41.1,173.2,86.2,1.1,1,SEVERE
PT-0446,Sikkim,27.03439,88.74359,2601,39.57,189,0.81,7.57,0.19,0.37,1.37,20.7,112.9,65.7,1.66,0,LOW
PT-0447,Manipur,24.83015,93.56021,2180,41.77,143,0.94,9.52,0.69,0.46,2.35,16.9,83.5,67.3,1.12,0,MODERATE
PT-0448,Arunachal Pradesh,27.86424,91.83953,2202,53.09,336,0.85,2.95,0.5,0.24,1.4,8.9,101.0,63.4,1.48,0,LOW
PT-0449,Tripura,23.36895,91.67782,1319,23.8,252,0.55,9.18,0.41,0.53,1.45,90.1,228.8,98.0,2.05,0,LOW
PT-0450,Assam (Dima Hasao),25.27026,93.57595,1950,25.38,213,0.94,4.71,1.15,0.47,1.72,199.1,234.2,95.3,1.75,0,LOW
PT-0451,Nagaland,26.08437,93.57453,2486,51.34,337,0.9,4.97,0.67,0.35,1.72,48.7,138.5,79.9,1.21,0,MODERATE
PT-0452,Meghalaya,24.76364,91.81842,1817,31.89,28,0.88,5.18,1.36,0.42,1.56,73.7,154.5,74.2,1.72,0,LOW
PT-0453,Assam (Dima Hasao),24.76553,93.34539,2595,32.27,334,0.79,4.89,1.78,0.52,3.03,32.2,106.4,64.4,1.23,0,MODERATE
PT-0454,Arunachal Pradesh,27.59518,91.83755,2077,50.41,288,0.84,1.74,0.99,0.31,1.41,9.2,108.9,73.7,1.44,0,LOW
PT-0455,Assam (Dima Hasao),25.34713,93.26636,1844,43.32,331,0.86,4.86,1.02,0.45,2.05,6.8,170.8,86.0,1.1,1,SEVERE
PT-0456,Manipur,25.01458,93.47727,2179,40.02,55,0.89,4.33,1.08,0.45,2.79,44.0,185.8,81.0,0.97,1,SEVERE
PT-0457,Tripura,23.53546,91.46865,1800,23.55,152,0.59,9.22,1.69,0.55,2.78,125.1,273.8,98.0,1.36,0,LOW
PT-0458,Nagaland,25.97644,94.11486,2045,41.46,273,0.8,3.76,0.13,0.43,2.01,53.6,191.4,89.4,1.12,1,SEVERE
PT-0459,Mizoram,23.8622,93.27871,2602,32.8,353,0.91,6.88,0.28,0.42,1.42,36.3,82.4,58.4,1.9,0,LOW
PT-0460,Tripura,24.09835,92.02969,1902,16.33,275,0.57,6.89,1.07,0.61,1.05,8.3,139.2,80.3,3.0,0,LOW
PT-0461,Tripura,23.34355,91.78942,2002,26.29,200,0.54,6.02,1.42,0.57,3.15,38.2,151.5,78.9,1.33,0,LOW
PT-0462,Mizoram,23.16442,92.58962,2152,28.0,347,0.95,7.86,0.59,0.45,1.04,40.3,99.5,68.4,2.57,0,LOW
PT-0463,Tripura,23.46033,91.99724,1406,21.03,223,0.53,6.85,0.5,0.55,1.51,119.9,190.9,88.0,2.35,0,LOW
PT-0464,Tripura,23.47739,91.60207,848,21.43,344,0.66,7.12,1.09,0.65,1.36,58.7,87.9,64.2,2.76,0,LOW
PT-0465,Meghalaya,24.74938,92.4869,2275,42.27,252,0.79,3.79,0.2,0.32,2.94,8.6,160.2,84.2,0.89,1,SEVERE
PT-0466,Sikkim,27.69818,88.40528,2434,46.06,287,0.82,2.75,0.81,0.34,1.1,17.0,56.9,59.4,1.85,0,LOW
PT-0467,Nagaland,25.92769,94.50196,2312,31.33,56,0.98,6.3,1.38,0.55,1.22,35.4,78.0,58.3,2.18,0,LOW
PT-0468,Assam (Dima Hasao),25.66318,92.59844,2389,32.88,259,0.86,9.11,0.42,0.45,2.8,11.3,186.3,88.7,1.08,0,MODERATE
PT-0469,Sikkim,27.02438,88.97097,2618,37.17,43,0.83,5.14,0.97,0.46,1.54,28.8,173.7,79.6,1.51,0,LOW
PT-0470,Manipur,25.15609,93.91117,2305,23.82,349,0.86,3.08,0.41,0.47,2.77,8.8,75.7,66.5,1.69,0,LOW
PT-0471,Meghalaya,25.03089,92.23192,2242,52.5,77,0.91,3.35,1.43,0.35,2.45,17.5,98.8,68.5,0.97,1,HIGH
PT-0472,Mizoram,23.98586,92.48643,2744,32.16,270,0.89,3.2,0.95,0.51,2.95,32.8,120.8,70.0,1.21,0,MODERATE
PT-0473,Manipur,25.59048,94.47717,2349,46.04,199,0.94,6.37,0.36,0.45,1.62,40.1,141.1,78.6,1.31,0,LOW
PT-0474,Meghalaya,24.53811,92.82838,1992,30.38,155,0.88,14.05,0.33,0.43,1.82,21.0,43.9,56.2,1.76,0,LOW
PT-0475,Nagaland,25.61848,94.07692,2175,45.82,120,0.96,13.77,1.29,0.43,2.38,45.3,118.1,68.8,1.04,0,MODERATE
PT-0476,Meghalaya,25.36722,92.3836,2371,36.1,298,0.77,6.97,1.05,0.39,1.94,4.8,89.9,61.1,1.44,0,LOW
PT-0477,Assam (Dima Hasao),25.1054,92.85315,1948,25.14,265,0.92,9.14,1.33,0.56,3.19,47.7,183.4,84.5,1.33,0,LOW
PT-0478,Meghalaya,24.68322,91.91255,1881,35.05,262,0.9,3.51,0.55,0.45,2.64,21.6,193.7,88.6,1.06,0,MODERATE
PT-0479,Manipur,24.7924,93.8635,2542,35.75,60,0.86,14.78,0.74,0.45,2.74,44.5,67.5,63.8,1.19,0,MODERATE
PT-0480,Mizoram,23.3787,93.09295,2212,36.18,178,0.78,2.91,1.11,0.42,2.0,23.7,176.4,87.1,1.25,1,SEVERE
PT-0481,Meghalaya,25.42434,92.36572,2152,28.05,229,0.76,6.45,0.29,0.54,2.37,115.3,186.2,81.4,1.43,0,LOW
PT-0482,Tripura,24.2031,92.0251,1300,33.83,292,0.66,9.69,0.75,0.49,2.42,155.2,259.6,98.0,1.09,0,MODERATE
PT-0483,Assam (Dima Hasao),25.47067,93.01317,2085,45.91,272,0.8,4.05,1.75,0.33,2.55,25.0,173.1,84.2,0.93,1,SEVERE
PT-0484,Manipur,25.36667,94.00977,2001,44.25,92,0.87,7.91,0.77,0.34,1.25,9.2,48.0,53.1,1.74,0,LOW
PT-0485,Nagaland,25.26507,94.5326,2055,37.87,166,0.84,5.62,0.73,0.37,1.31,16.6,187.0,90.1,1.62,1,SEVERE
PT-0486,Sikkim,26.97307,88.90256,2060,34.5,258,0.86,2.31,0.23,0.46,1.9,26.2,79.8,66.4,1.48,0,LOW
PT-0487,Mizoram,23.78489,92.81341,2553,50.22,333,0.93,3.71,0.95,0.26,2.4,172.0,248.6,98.0,0.88,1,SEVERE
PT-0488,Assam (Dima Hasao),25.21504,92.9185,1822,41.98,0,0.92,12.12,1.4,0.42,1.37,127.4,187.5,83.8,1.51,1,SEVERE
PT-0489,Manipur,25.85909,94.43093,2782,41.33,144,0.8,6.36,1.28,0.37,1.87,7.5,114.3,67.9,1.3,0,LOW
PT-0490,Manipur,24.91302,94.02578,1442,43.0,175,0.92,12.74,1.59,0.36,2.46,11.8,185.0,84.0,0.99,1,SEVERE
PT-0491,Meghalaya,25.28573,91.76246,2170,20.03,344,0.76,5.23,1.56,0.58,1.86,104.7,227.2,95.4,2.05,0,LOW
PT-0492,Tripura,24.1267,91.67359,1104,31.4,183,0.61,10.57,1.8,0.57,1.27,10.7,27.2,53.4,2.16,0,LOW
PT-0493,Mizoram,23.93667,92.96104,2801,44.96,320,0.83,5.96,0.59,0.37,1.8,117.4,249.0,96.9,1.14,1,SEVERE
PT-0494,Assam (Dima Hasao),25.75112,93.17612,2206,39.63,256,0.86,6.01,1.49,0.43,2.5,3.4,39.6,49.4,1.23,0,MODERATE
PT-0495,Mizoram,24.24028,93.13657,1815,48.89,140,0.81,5.63,2.18,0.37,2.17,41.1,131.0,78.2,1.04,0,MODERATE
PT-0496,Sikkim,27.75463,88.3876,1973,46.28,62,0.92,3.57,0.86,0.41,2.94,16.3,100.6,66.6,0.92,1,HIGH
PT-0497,Sikkim,27.20023,88.40165,1835,51.93,115,0.98,3.38,0.26,0.28,1.36,49.2,80.2,62.4,1.52,0,LOW
PT-0498,Sikkim,27.44104,88.75156,2499,39.12,55,0.87,9.97,1.85,0.48,2.14,3.8,117.8,70.3,1.23,0,MODERATE
PT-0499,Nagaland,25.83042,94.08472,2228,41.28,17,0.88,8.02,1.56,0.45,1.14,7.5,123.3,71.4,1.82,0,LOW
PT-0500,Nagaland,25.89308,94.06111,2494,36.95,49,0.92,3.82,1.92,0.49,2.37,31.2,116.8,71.9,1.2,0,MODERATE
PT-0501,Nagaland,25.48754,94.5151,1788,40.7,168,0.92,2.79,0.13,0.44,2.3,45.7,81.5,63.0,1.18,0,MODERATE
PT-0502,Arunachal Pradesh,27.48521,92.11955,2429,38.74,22,0.73,2.43,1.02,0.5,2.66,108.2,251.2,96.7,0.93,1,SEVERE
PT-0503,Mizoram,23.844,92.45928,2121,48.9,336,0.91,2.95,1.16,0.4,2.89,10.9,59.0,62.1,0.92,1,HIGH
PT-0504,Nagaland,25.48986,94.19143,1232,31.78,307,0.94,7.28,1.29,0.46,1.66,5.5,165.1,85.4,1.57,0,LOW
PT-0505,Tripura,23.58329,91.25444,1959,26.92,319,0.57,7.64,1.71,0.58,2.78,25.6,176.9,79.0,1.38,0,LOW
PT-0506,Sikkim,26.81848,88.03602,2462,46.66,99,0.91,8.1,0.86,0.44,1.44,12.4,70.6,57.3,1.52,0,LOW
PT-0507,Assam (Dima Hasao),24.78425,92.43579,1383,44.08,10,0.93,4.37,1.48,0.44,1.74,30.5,106.5,67.2,1.32,0,LOW
PT-0508,Meghalaya,25.63939,92.93252,2049,51.49,33,0.75,8.56,0.37,0.27,2.17,19.3,105.2,69.5,1.05,0,MODERATE
PT-0509,Sikkim,27.6457,88.70479,2038,45.82,76,0.85,2.14,1.77,0.43,2.87,44.9,94.4,61.6,0.96,1,HIGH
PT-0510,Tripura,24.2692,91.98786,2011,29.69,330,0.68,7.17,1.19,0.45,2.57,33.0,205.7,90.0,1.23,0,MODERATE
PT-0511,Manipur,25.42573,94.36875,1937,34.99,103,0.88,3.67,0.56,0.45,1.83,92.4,149.4,73.7,1.45,0,LOW
PT-0512,Nagaland,25.43406,94.01258,2265,39.27,262,0.92,3.89,1.08,0.41,2.77,24.1,68.7,57.5,1.13,0,MODERATE
PT-0513,Nagaland,25.51091,93.4889,1814,43.94,329,0.82,3.31,0.58,0.32,1.79,20.3,146.7,74.8,1.26,0,LOW
PT-0514,Mizoram,23.34877,92.83484,2724,49.55,278,0.95,2.82,0.73,0.39,2.72,26.0,136.7,76.6,0.89,1,HIGH
PT-0515,Tripura,24.10491,92.43713,1499,40.33,116,0.58,9.46,1.1,0.42,2.73,37.5,128.6,76.2,1.01,0,MODERATE
PT-0516,Arunachal Pradesh,27.99496,91.76455,2210,51.29,224,0.81,3.54,0.89,0.33,1.28,5.4,154.1,82.2,1.52,1,HIGH
PT-0517,Arunachal Pradesh,27.25059,91.76086,1746,44.21,353,0.83,2.49,0.15,0.43,3.03,152.5,222.0,95.1,0.8,1,SEVERE
PT-0518,Manipur,25.83621,93.66505,2404,30.83,96,0.88,4.0,2.12,0.52,1.67,56.2,100.5,70.4,1.72,0,LOW
PT-0519,Tripura,23.35221,91.4888,1527,32.29,105,0.58,8.69,0.25,0.41,2.14,98.2,181.0,81.4,1.34,0,LOW
PT-0520,Nagaland,25.23497,93.8921,1817,38.68,105,0.83,3.08,1.01,0.46,2.04,47.3,159.2,80.0,1.22,0,MODERATE
PT-0521,Tripura,23.65053,91.25893,1809,27.7,204,0.65,6.71,0.79,0.53,2.08,2.0,32.0,53.5,1.81,0,LOW
PT-0522,Tripura,23.73614,92.26117,1373,27.96,89,0.61,6.49,1.4,0.51,1.85,36.4,67.2,61.8,1.83,0,LOW
PT-0523,Sikkim,27.01763,89.04465,2756,40.43,149,0.91,2.17,1.63,0.48,3.0,71.7,106.7,67.2,1.0,0,MODERATE
PT-0524,Nagaland,25.68527,94.32541,2277,35.2,106,0.9,4.05,0.25,0.49,2.65,68.5,224.7,93.4,1.03,0,MODERATE
PT-0525,Sikkim,27.03073,88.85092,2664,49.31,237,0.88,2.18,1.25,0.3,3.09,85.9,239.8,94.5,0.75,1,SEVERE
PT-0526,Sikkim,27.45839,88.21268,2674,50.77,86,0.8,5.61,1.52,0.27,1.79,1.8,128.2,70.4,1.21,0,MODERATE
PT-0527,Sikkim,27.7338,88.97381,1839,34.47,52,0.86,2.92,0.21,0.38,2.7,46.8,123.6,69.6,1.19,0,MODERATE
PT-0528,Nagaland,25.09925,93.42353,2224,52.84,348,0.93,3.12,1.95,0.36,2.83,9.1,92.7,61.5,0.9,1,HIGH
PT-0529,Arunachal Pradesh,27.36722,92.00214,1763,31.6,202,0.91,1.82,0.55,0.46,1.38,19.0,98.2,66.2,1.94,0,LOW
PT-0530,Nagaland,25.86955,93.72415,2091,37.4,111,0.88,6.15,1.15,0.52,2.57,46.5,155.4,76.7,1.1,0,MODERATE
PT-0531,Nagaland,25.79984,94.5677,1667,35.26,355,0.83,2.98,1.7,0.49,3.15,8.0,25.9,54.8,1.18,0,MODERATE
PT-0532,Tripura,23.77885,92.01871,2172,27.1,6,0.58,8.4,1.98,0.49,2.62,32.9,57.8,56.5,1.63,0,LOW
PT-0533,Mizoram,23.36241,92.5609,1999,36.53,306,0.97,4.27,1.94,0.39,1.7,6.8,152.4,77.7,1.44,0,LOW
PT-0534,Mizoram,24.02066,92.38481,1881,39.26,105,0.88,8.73,1.5,0.38,2.51,32.4,110.3,67.5,1.13,0,MODERATE
PT-0535,Tripura,24.07574,91.32754,1755,10.0,26,0.66,6.38,0.53,0.6,2.3,46.9,100.9,63.0,3.0,0,LOW
PT-0536,Tripura,23.69376,92.11601,1927,26.15,127,0.59,8.15,2.13,0.48,2.9,150.8,225.1,93.3,1.26,0,LOW
PT-0537,Tripura,23.84965,91.85635,1121,24.8,246,0.53,7.2,1.89,0.58,3.03,8.3,143.2,74.1,1.48,0,LOW
PT-0538,Tripura,23.68702,91.58987,1557,18.06,170,0.56,7.58,0.42,0.55,1.03,64.6,160.7,84.6,3.0,0,LOW
PT-0539,Manipur,25.82459,93.86777,2162,27.29,301,0.8,8.41,2.18,0.46,3.05,72.0,244.9,98.0,1.13,0,MODERATE
PT-0540,Arunachal Pradesh,27.59153,91.83635,1839,39.63,333,0.8,2.88,0.62,0.42,3.03,61.3,81.0,64.5,1.03,0,MODERATE
PT-0541,Meghalaya,24.8236,92.30656,1816,33.59,308,0.85,5.92,0.44,0.41,1.2,22.3,153.8,83.6,1.91,0,LOW
PT-0542,Nagaland,25.70224,93.61659,2471,26.51,129,0.94,4.24,1.22,0.59,2.29,38.9,206.4,94.1,1.41,0,LOW
PT-0543,Nagaland,25.84342,94.32203,2326,36.67,107,0.98,3.77,0.75,0.52,2.8,3.6,133.5,74.6,1.08,0,MODERATE
PT-0544,Mizoram,23.99965,92.31476,2587,31.74,101,0.87,4.55,0.33,0.5,1.47,69.3,217.8,89.8,1.67,0,LOW
PT-0545,Manipur,25.18888,94.51557,2445,46.25,40,0.85,4.19,0.68,0.34,2.29,55.9,87.5,59.9,1.1,0,MODERATE
PT-0546,Sikkim,27.52839,88.94705,2332,46.99,3,0.86,3.84,2.12,0.32,2.07,32.2,102.7,69.4,1.13,0,MODERATE
PT-0547,Arunachal Pradesh,28.17933,92.23022,2152,54.34,193,0.84,10.75,1.93,0.35,1.01,23.1,175.9,87.9,1.86,1,SEVERE
PT-0548,Sikkim,27.45229,89.04281,2803,39.86,127,0.85,4.41,1.48,0.41,1.91,214.1,387.1,98.0,1.14,1,SEVERE
PT-0549,Sikkim,27.49053,89.04812,2161,54.01,347,0.87,4.33,0.94,0.32,1.18,134.0,302.6,98.0,1.59,1,SEVERE
PT-0550,Nagaland,25.96113,93.74264,2348,40.41,266,0.98,6.34,1.6,0.34,2.1,89.3,268.7,98.0,1.06,1,SEVERE
PT-0551,Tripura,23.52166,91.78554,2052,34.26,123,0.58,6.47,2.08,0.5,1.23,6.3,174.6,81.7,1.86,0,LOW
PT-0552,Manipur,25.57957,93.68445,2527,37.59,343,0.81,3.36,1.22,0.47,1.2,44.2,212.9,94.5,1.71,1,SEVERE
PT-0553,Nagaland,25.85278,93.84241,1605,36.51,195,0.93,6.34,2.13,0.44,1.51,17.2,50.6,54.5,1.71,0,LOW
PT-0554,Assam (Dima Hasao),25.46354,92.54933,2531,25.09,194,0.88,4.0,0.23,0.55,2.86,19.4,94.6,67.6,1.57,0,LOW
PT-0555,Meghalaya,25.1337,92.48194,2405,37.31,275,0.9,4.15,1.81,0.41,1.48,11.6,73.4,63.6,1.65,0,LOW
PT-0556,Sikkim,27.44866,88.37067,2259,45.84,293,0.88,6.41,1.14,0.4,1.83,20.0,171.6,79.9,1.19,0,MODERATE
PT-0557,Assam (Dima Hasao),25.41049,92.47308,1860,38.12,249,0.91,4.89,1.81,0.5,1.35,24.9,109.6,68.8,1.7,0,LOW
PT-0558,Arunachal Pradesh,27.88926,91.71928,2290,37.98,356,0.9,4.52,1.25,0.37,1.71,44.0,67.9,64.3,1.48,0,LOW
PT-0559,Mizoram,23.66904,92.30643,2610,47.51,149,0.95,3.39,1.79,0.31,2.43,96.9,128.7,76.2,0.98,1,HIGH
PT-0560,Meghalaya,24.96187,92.93924,1868,34.05,28,0.75,12.34,0.48,0.39,3.16,31.7,206.7,91.7,0.96,1,SEVERE
PT-0561,Manipur,24.954,93.56256,2309,32.93,305,0.98,5.64,0.89,0.51,2.75,40.0,197.7,90.0,1.08,0,MODERATE
PT-0562,Mizoram,23.8788,92.64414,2212,43.73,62,0.87,5.56,1.17,0.31,2.26,16.0,154.0,81.8,1.04,1,HIGH
PT-0563,Meghalaya,24.97075,92.95995,1778,34.15,64,0.75,3.36,2.01,0.51,1.41,5.9,112.6,70.1,1.77,0,LOW
PT-0564,Tripura,23.39672,92.25457,1553,12.55,333,0.55,9.5,2.13,0.71,1.4,9.9,116.4,73.6,3.0,0,LOW
PT-0565,Nagaland,25.12697,94.0801,2042,37.15,131,0.97,2.59,2.16,0.44,1.8,27.5,198.5,83.7,1.34,1,SEVERE
PT-0566,Mizoram,23.1754,93.24495,2035,45.16,273,0.86,4.95,1.56,0.38,3.17,38.6,88.2,60.4,0.93,1,HIGH
PT-0567,Sikkim,27.01452,88.22569,2899,37.64,68,0.9,2.61,0.85,0.38,2.37,14.7,92.7,69.4,1.19,0,MODERATE
PT-0568,Manipur,25.20728,94.55369,1386,30.07,73,0.9,3.18,1.64,0.58,2.53,23.3,146.8,80.5,1.3,0,LOW
PT-0569,Meghalaya,25.01362,91.94419,2042,43.99,13,0.92,3.91,0.67,0.39,2.5,20.0,49.7,60.0,1.08,0,MODERATE
PT-0570,Mizoram,23.2956,93.06772,2357,39.5,113,0.85,3.08,2.04,0.37,2.6,86.1,181.9,85.3,1.0,1,SEVERE
PT-0571,Mizoram,23.78185,92.83896,2070,43.65,199,0.81,6.9,1.52,0.43,2.21,23.1,135.8,72.5,1.11,0,MODERATE
PT-0572,Meghalaya,25.29908,91.9312,1946,30.61,327,0.92,6.27,0.62,0.51,2.55,214.3,361.0,98.0,1.14,0,MODERATE
PT-0573,Mizoram,24.26314,92.73471,1421,36.65,117,0.83,7.68,2.09,0.43,1.69,4.1,139.5,80.1,1.43,1,HIGH
PT-0574,Meghalaya,25.20038,91.8615,2845,32.14,5,0.92,4.58,1.17,0.52,2.06,240.0,401.5,98.0,1.26,0,LOW
PT-0575,Manipur,24.67668,93.64822,2093,38.44,217,0.93,6.46,0.61,0.47,3.09,44.6,146.7,78.4,0.96,1,HIGH
PT-0576,Tripura,24.47758,92.05943,1422,32.73,115,0.56,7.14,0.38,0.45,1.11,9.3,184.3,83.9,2.06,0,LOW
PT-0577,Assam (Dima Hasao),25.56807,93.43093,1799,38.89,247,0.82,4.6,1.65,0.44,1.48,135.2,256.3,98.0,1.41,1,SEVERE
PT-0578,Sikkim,27.8525,89.07099,2171,43.5,3,0.9,3.0,0.84,0.31,2.96,21.9,53.6,56.7,1.01,0,MODERATE
PT-0579,Nagaland,25.71492,94.46821,2576,24.96,3,0.83,5.17,0.57,0.53,1.66,10.1,159.0,76.1,2.01,0,LOW
PT-0580,Tripura,24.10754,91.77723,2156,33.93,2,0.6,11.11,0.52,0.42,1.09,68.1,231.8,92.6,1.98,0,LOW
PT-0581,Assam (Dima Hasao),25.70805,93.56164,2006,38.75,250,0.87,8.02,1.6,0.4,2.68,27.6,195.0,91.3,0.96,1,SEVERE
PT-0582,Manipur,24.8177,94.56921,1954,39.03,176,0.89,6.65,0.6,0.45,1.75,38.2,124.9,70.4,1.4,0,LOW
PT-0583,Tripura,23.41914,91.76474,1328,17.04,95,0.58,9.64,1.91,0.69,1.54,13.9,145.5,80.1,2.94,0,LOW
PT-0584,Meghalaya,24.7364,92.78585,1916,33.07,61,0.76,3.3,2.18,0.54,1.94,9.1,32.5,51.2,1.62,0,LOW
PT-0585,Mizoram,23.96019,93.28615,2563,41.39,31,0.87,5.38,0.74,0.37,1.62,27.1,94.9,61.4,1.46,0,LOW
PT-0586,Sikkim,26.73064,88.79252,2528,39.33,143,0.96,2.27,0.49,0.49,1.8,5.1,22.4,50.4,1.48,0,LOW
PT-0587,Meghalaya,24.90745,92.64955,2525,27.61,270,0.85,3.88,0.68,0.53,1.19,49.7,164.0,76.5,2.29,0,LOW
PT-0588,Assam (Dima Hasao),24.80151,92.94492,2509,49.56,316,0.83,7.23,2.18,0.29,2.59,10.6,116.4,68.1,0.95,1,HIGH
PT-0589,Arunachal Pradesh,28.0539,91.78818,1586,40.64,34,0.82,3.35,2.1,0.46,1.37,171.3,234.1,98.0,1.46,1,SEVERE
PT-0590,Sikkim,27.68327,88.83256,1918,41.56,350,0.89,3.8,0.26,0.39,2.12,24.7,139.9,72.8,1.17,0,MODERATE
PT-0591,Sikkim,26.922,88.26137,1590,36.93,262,0.87,5.08,1.2,0.41,1.48,29.8,73.0,56.5,1.71,0,LOW
PT-0592,Assam (Dima Hasao),24.92021,93.17754,1924,40.65,68,0.81,7.91,1.45,0.37,2.81,0.1,72.4,62.0,1.06,0,MODERATE
PT-0593,Arunachal Pradesh,27.36947,92.38571,2157,48.38,68,0.8,3.86,0.78,0.28,2.8,14.9,189.2,83.4,0.85,1,SEVERE
PT-0594,Sikkim,27.37487,89.17451,1669,44.3,54,0.92,4.91,2.09,0.34,2.38,14.3,102.3,65.7,1.08,0,MODERATE
PT-0595,Assam (Dima Hasao),25.268,93.37928,1821,35.08,118,0.91,5.42,0.41,0.45,2.09,84.5,128.6,74.0,1.33,0,LOW
PT-0596,Meghalaya,25.28708,91.78526,2246,38.44,201,0.87,3.72,0.4,0.42,2.0,23.1,157.6,76.0,1.26,0,LOW
PT-0597,Sikkim,27.45395,88.45345,2355,55.92,329,0.97,2.35,1.72,0.25,3.06,78.6,95.2,68.9,0.82,1,HIGH
PT-0598,Arunachal Pradesh,28.00326,91.35196,2793,52.12,227,0.88,2.42,1.11,0.27,2.2,39.2,57.7,53.1,1.1,0,MODERATE
PT-0599,Mizoram,23.24308,93.17375,2208,39.68,114,0.77,4.19,0.41,0.44,1.5,22.3,183.2,88.5,1.43,1,SEVERE
PT-0600,Nagaland,25.67018,94.57892,3030,41.99,144,0.87,4.89,0.35,0.47,3.02,32.2,76.6,62.2,1.0,0,MODERATE
PT-0601,Meghalaya,25.32532,91.94026,1802,32.84,146,0.8,3.47,2.02,0.5,3.05,37.0,64.6,54.2,1.28,0,LOW
PT-0602,Meghalaya,25.44334,91.93591,2364,40.89,244,0.89,3.5,1.0,0.45,1.32,6.8,148.4,76.2,1.62,0,LOW
PT-0603,Tripura,23.8286,92.08211,2029,14.58,170,0.56,13.21,2.04,0.61,2.21,33.9,137.4,72.5,2.91,0,LOW
PT-0604,Nagaland,25.77716,93.89621,1912,28.82,112,0.94,3.17,0.11,0.59,1.04,158.0,324.9,98.0,2.26,0,LOW
PT-0605,Arunachal Pradesh,27.41303,92.26919,2151,44.74,235,0.75,6.3,2.14,0.44,1.53,7.5,45.2,59.6,1.47,0,LOW
PT-0606,Meghalaya,24.96295,91.79162,1986,43.06,359,0.75,5.38,1.1,0.41,1.35,7.6,63.0,54.0,1.66,0,LOW
PT-0607,Manipur,24.83966,93.63891,1549,37.5,357,0.98,4.59,1.62,0.43,2.42,5.9,30.8,53.2,1.28,0,LOW
PT-0608,Meghalaya,25.11395,91.77304,1601,41.62,232,0.84,7.62,2.03,0.4,2.56,8.5,184.1,85.7,0.97,1,SEVERE
PT-0609,Meghalaya,25.40176,92.24048,2180,43.03,286,0.85,3.4,1.55,0.39,2.44,23.9,47.9,54.3,1.14,0,MODERATE
PT-0610,Manipur,24.89368,93.55008,2353,47.0,171,0.8,3.83,1.24,0.29,2.31,18.9,124.9,73.9,1.03,0,MODERATE
PT-0611,Sikkim,27.0184,88.10205,2224,39.94,247,0.79,2.94,2.08,0.34,1.78,25.4,72.6,63.5,1.4,0,LOW
PT-0612,Arunachal Pradesh,28.14862,92.09319,2545,50.28,257,0.74,5.62,0.42,0.34,1.84,95.5,158.4,76.4,1.17,0,MODERATE
PT-0613,Tripura,23.4145,92.00114,1635,31.21,110,0.69,8.65,1.71,0.44,3.12,65.2,187.7,90.6,1.05,0,MODERATE
PT-0614,Arunachal Pradesh,27.51698,91.40744,2813,41.34,220,0.73,4.62,1.53,0.36,3.19,48.1,156.6,84.4,0.86,1,HIGH
PT-0615,Nagaland,26.04567,93.56115,1844,45.48,44,0.9,4.02,0.46,0.34,1.15,21.8,48.5,57.8,1.8,0,LOW
PT-0616,Tripura,23.62953,91.81791,2425,25.42,332,0.71,13.03,2.14,0.54,1.8,26.3,143.5,78.4,1.86,0,LOW
PT-0617,Tripura,23.76008,92.2638,1609,32.93,349,0.61,7.5,1.94,0.55,1.09,7.6,153.0,80.7,2.1,0,LOW
PT-0618,Sikkim,26.91547,88.12636,2589,35.07,37,0.82,7.18,1.51,0.43,2.03,85.3,118.3,67.8,1.39,0,LOW
PT-0619,Nagaland,26.18095,94.49699,1933,39.57,168,0.81,3.55,1.37,0.37,2.63,30.3,135.2,79.2,1.03,0,MODERATE
PT-0620,Meghalaya,25.27826,92.14422,2152,45.97,194,0.74,7.33,1.76,0.44,1.47,1.2,141.4,75.3,1.42,0,LOW
PT-0621,Mizoram,23.88282,92.21031,2350,46.93,152,0.94,4.3,0.98,0.31,2.96,2.8,165.5,80.7,0.85,1,SEVERE
PT-0622,Mizoram,23.31744,92.52913,2393,32.56,352,0.93,11.22,1.02,0.54,2.25,30.2,192.7,84.4,1.27,0,LOW
PT-0623,Meghalaya,24.89848,92.94364,1844,47.46,162,0.73,8.87,2.06,0.35,1.7,35.3,93.7,67.8,1.29,0,LOW
PT-0624,Tripura,24.45199,92.27872,1336,18.89,296,0.55,6.62,2.16,0.58,2.2,23.7,96.1,70.7,2.3,0,LOW
PT-0625,Sikkim,27.17431,88.43655,2553,39.94,63,0.92,4.62,1.06,0.4,1.77,37.0,178.2,80.3,1.31,1,SEVERE
PT-0626,Meghalaya,25.06059,92.20775,1992,31.77,223,0.81,7.86,1.55,0.48,1.62,46.6,203.0,94.6,1.53,0,LOW
PT-0627,Nagaland,25.18757,93.40971,2097,42.2,319,0.98,2.76,1.03,0.41,1.07,27.3,79.1,61.9,1.94,0,LOW
PT-0628,Manipur,24.7974,94.44761,2030,44.64,237,0.87,7.29,1.58,0.42,1.02,12.7,74.5,65.2,1.96,0,LOW
PT-0629,Mizoram,23.48888,93.19321,1917,49.45,2,0.95,4.14,0.13,0.28,1.82,41.9,155.9,77.6,1.18,0,MODERATE
PT-0630,Manipur,24.9502,94.58819,2601,41.8,26,0.95,5.16,0.37,0.42,3.15,117.3,217.7,92.3,0.82,1,SEVERE
PT-0631,Nagaland,25.93203,93.5416,2475,46.24,200,0.97,4.97,0.65,0.37,3.09,4.9,92.1,66.6,0.9,1,HIGH
PT-0632,Meghalaya,24.54338,92.60909,1992,38.67,195,0.74,6.51,2.17,0.45,2.71,52.9,104.5,64.9,1.11,0,MODERATE
PT-0633,Assam (Dima Hasao),25.44158,93.37852,2213,30.8,26,0.81,10.83,1.42,0.52,2.27,30.7,144.0,72.8,1.42,0,LOW
PT-0634,Mizoram,23.43439,92.32675,2515,52.8,106,0.85,4.49,0.15,0.24,3.11,58.1,135.0,72.8,0.81,1,HIGH
PT-0635,Tripura,24.29026,91.46577,1723,30.7,290,0.66,10.82,0.35,0.47,1.76,32.0,47.8,55.7,1.79,0,LOW
PT-0636,Mizoram,24.2319,92.34141,2213,41.59,262,0.92,3.41,0.87,0.47,1.06,4.4,133.5,70.6,1.93,0,LOW
PT-0637,Mizoram,23.69789,93.25388,2560,34.49,150,0.86,6.94,1.02,0.53,3.03,11.0,165.6,83.6,1.03,0,MODERATE
PT-0638,Manipur,24.78347,94.37178,2019,34.15,105,0.98,4.67,1.95,0.45,2.64,33.0,148.2,76.9,1.17,0,MODERATE
PT-0639,Arunachal Pradesh,27.42875,92.00924,2423,48.17,17,0.91,2.23,0.96,0.37,2.93,28.9,109.6,65.3,0.91,1,HIGH
PT-0640,Arunachal Pradesh,27.49526,91.4731,2583,44.15,190,0.79,5.28,0.36,0.35,1.02,31.3,177.5,88.0,1.85,1,SEVERE
PT-0641,Nagaland,25.54271,94.11216,2137,35.56,142,0.94,9.81,1.8,0.48,2.26,35.7,122.5,75.1,1.25,0,LOW
PT-0642,Assam (Dima Hasao),24.80655,93.37327,2034,12.17,215,0.78,5.51,1.36,0.66,1.52,0.9,145.1,77.7,3.0,0,LOW
PT-0643,Sikkim,27.82397,88.34124,1971,46.15,273,0.96,2.1,1.45,0.3,1.21,37.5,97.8,69.1,1.68,0,LOW
PT-0644,Manipur,24.75572,94.34954,2134,35.67,152,0.93,4.52,1.88,0.53,1.27,48.1,67.9,55.4,1.94,0,LOW
PT-0645,Sikkim,26.89648,89.19225,1840,49.75,115,0.81,2.53,1.99,0.31,2.99,47.0,205.2,87.7,0.79,1,SEVERE
PT-0646,Sikkim,26.86296,89.13657,2412,47.97,313,0.94,3.19,1.57,0.42,2.28,19.2,58.6,58.7,1.09,0,MODERATE
PT-0647,Manipur,25.42428,94.22188,2094,32.49,244,0.92,12.36,0.78,0.52,1.5,17.6,46.3,55.8,1.87,0,LOW
PT-0648,Assam (Dima Hasao),25.36138,93.29232,2160,35.83,253,0.77,4.03,0.55,0.5,1.41,11.7,124.1,72.6,1.7,0,LOW
PT-0649,Arunachal Pradesh,27.89259,91.62419,2397,39.84,258,0.74,1.85,2.03,0.4,2.0,14.1,95.1,61.6,1.31,0,LOW
PT-0650,Manipur,24.85704,93.78858,1760,45.41,75,0.88,3.28,0.33,0.29,2.01,32.3,134.9,73.2,1.15,0,MODERATE
PT-0651,Nagaland,26.19231,93.49088,2248,35.11,257,0.89,3.52,1.03,0.44,1.11,131.6,178.6,81.2,1.98,0,LOW
PT-0652,Meghalaya,25.22286,92.39548,2074,28.01,348,0.74,3.92,0.33,0.46,2.97,13.6,116.4,68.4,1.39,0,LOW
PT-0653,Manipur,25.13029,93.54157,1413,36.44,137,0.89,3.47,0.53,0.47,2.55,0.2,45.7,59.1,1.24,0,MODERATE
PT-0654,Tripura,24.20691,92.27308,1512,24.26,348,0.54,6.52,1.99,0.49,1.03,20.3,64.6,56.9,3.0,0,LOW
PT-0655,Nagaland,25.28487,94.30231,2184,45.98,242,0.92,4.18,0.62,0.3,2.8,232.4,385.2,98.0,0.81,1,SEVERE
PT-0656,Meghalaya,25.41599,92.69031,2431,46.95,171,0.82,6.52,2.18,0.32,2.07,0.7,73.9,63.4,1.15,0,MODERATE
PT-0657,Tripura,23.45531,92.07294,1639,25.79,210,0.7,8.69,0.4,0.53,1.54,48.8,123.1,74.5,2.06,0,LOW
PT-0658,Assam (Dima Hasao),25.67478,92.86333,2200,39.67,320,0.9,9.74,1.04,0.49,2.16,56.8,218.3,91.9,1.09,1,SEVERE
PT-0659,Manipur,25.79432,93.7515,2558,41.6,359,0.86,5.37,1.01,0.4,3.13,18.0,193.0,87.4,0.85,1,SEVERE
PT-0660,Meghalaya,25.06958,91.94027,1958,46.26,340,0.76,4.87,0.24,0.33,2.0,87.3,122.7,71.9,1.15,0,MODERATE
PT-0661,Sikkim,27.24639,88.7923,2271,47.71,179,0.96,5.85,1.15,0.43,2.23,37.1,75.6,64.0,1.09,0,MODERATE
PT-0662,Manipur,25.36227,93.51686,2518,39.65,181,0.84,5.84,0.91,0.4,2.99,46.4,159.9,76.9,0.97,1,HIGH
PT-0663,Manipur,25.47471,93.80698,1879,27.97,102,0.84,4.35,0.52,0.49,1.65,25.8,71.1,63.5,1.94,0,LOW
PT-0664,Manipur,24.77525,94.05189,1740,34.95,350,0.93,4.58,1.0,0.45,1.9,40.9,213.9,91.3,1.29,0,LOW
PT-0665,Meghalaya,25.24825,92.12287,2478,36.42,65,0.85,8.95,1.94,0.38,2.86,55.4,146.8,79.9,1.04,0,MODERATE
PT-0666,Tripura,24.32704,91.35159,2725,23.23,54,0.6,6.26,0.71,0.55,1.73,67.4,193.7,90.0,1.94,0,LOW
PT-0667,Sikkim,27.57189,88.61952,1922,23.86,69,0.82,4.82,1.89,0.52,1.68,5.3,100.3,68.9,2.16,0,LOW
PT-0668,Nagaland,25.16057,93.57363,1874,45.62,126,0.84,4.1,1.85,0.36,1.12,25.9,203.0,92.9,1.68,1,SEVERE
PT-0669,Mizoram,24.10602,92.92758,1824,46.59,221,0.8,2.85,0.4,0.4,1.53,60.1,108.2,68.6,1.4,0,LOW
PT-0670,Mizoram,23.92104,93.26091,2222,28.88,200,0.85,6.82,1.07,0.56,1.33,6.4,85.7,64.7,2.15,0,LOW
PT-0671,Sikkim,27.50413,89.07187,2199,40.38,181,0.97,3.58,1.62,0.38,3.16,96.8,194.8,86.3,0.87,1,SEVERE
PT-0672,Manipur,25.27565,93.6294,2546,44.36,288,0.86,6.14,1.75,0.34,2.68,25.0,191.2,88.5,0.9,1,SEVERE
PT-0673,Manipur,25.81507,94.14701,2627,42.99,259,0.95,4.86,0.37,0.36,3.1,48.0,129.6,69.0,0.93,1,HIGH
PT-0674,Meghalaya,24.78805,92.55831,2061,24.69,165,0.88,13.15,1.8,0.58,1.52,12.8,175.1,86.1,2.04,0,LOW
PT-0675,Manipur,25.76685,93.49431,2226,37.99,37,0.88,4.17,1.43,0.36,1.38,29.8,66.8,61.1,1.72,0,LOW
PT-0676,Assam (Dima Hasao),24.80486,92.99932,1799,32.68,82,0.85,5.88,1.76,0.41,1.05,9.3,29.8,48.0,2.41,0,LOW
PT-0677,Sikkim,27.16147,88.48963,2230,39.22,94,0.92,9.91,1.63,0.43,1.42,87.9,185.5,84.4,1.52,1,SEVERE
PT-0678,Meghalaya,25.47192,92.28665,1554,25.24,291,0.75,7.01,0.73,0.48,1.51,19.9,71.9,65.2,2.22,0,LOW
PT-0679,Mizoram,23.58851,92.53949,2052,43.06,147,0.78,4.94,1.89,0.46,2.1,2.9,133.0,70.4,1.16,0,MODERATE
PT-0680,Tripura,24.44431,92.43192,1636,24.9,215,0.58,7.02,1.71,0.48,2.2,46.6,171.1,86.4,1.61,0,LOW
PT-0681,Assam (Dima Hasao),25.16227,93.37679,1837,25.53,18,0.83,4.18,0.97,0.58,3.04,26.5,62.9,61.1,1.57,0,LOW
PT-0682,Nagaland,25.12272,93.99913,1863,34.33,155,0.96,7.73,0.58,0.53,1.06,13.8,129.1,72.2,2.14,0,LOW
PT-0683,Sikkim,27.393,88.06257,1732,43.14,220,0.92,3.99,0.34,0.33,2.35,20.8,92.4,69.5,1.09,0,MODERATE
PT-0684,Assam (Dima Hasao),24.84844,93.11634,2599,36.78,274,0.87,15.76,0.13,0.48,2.79,6.8,51.6,51.8,1.22,0,MODERATE
PT-0685,Arunachal Pradesh,27.7029,92.31851,2337,47.95,203,0.82,1.83,0.26,0.31,2.2,66.4,140.3,80.0,1.03,0,MODERATE
PT-0686,Assam (Dima Hasao),25.10225,92.77326,2353,28.63,334,0.81,9.59,0.77,0.52,1.23,26.5,198.3,88.5,2.07,0,LOW
PT-0687,Nagaland,25.32427,93.55456,2126,44.37,283,0.84,3.66,1.81,0.32,3.15,34.2,124.1,68.4,0.9,1,HIGH
PT-0688,Tripura,24.32359,91.57436,1554,20.61,43,0.54,10.82,0.91,0.5,1.84,12.7,90.3,66.5,2.38,0,LOW
PT-0689,Sikkim,27.52248,88.03757,1449,43.44,311,0.93,3.02,1.84,0.35,2.66,1.4,136.2,76.2,0.97,1,HIGH
PT-0690,Manipur,25.59914,94.53428,1494,38.21,283,0.87,6.19,1.52,0.49,3.06,42.5,151.3,78.5,0.97,1,HIGH
PT-0691,Meghalaya,25.66237,92.3208,2048,41.53,7,0.79,6.07,0.68,0.48,2.7,42.3,63.7,56.8,1.1,0,MODERATE
PT-0692,Mizoram,23.91108,93.04891,1754,43.79,63,0.83,5.5,1.86,0.44,1.98,0.4,21.5,48.3,1.31,0,LOW
PT-0693,Assam (Dima Hasao),25.06033,93.10548,2382,49.04,282,0.82,4.17,0.48,0.38,1.61,10.7,129.7,70.0,1.32,0,LOW
PT-0694,Sikkim,27.00921,88.78552,2651,45.58,225,0.9,2.11,1.61,0.3,2.57,14.9,141.8,79.8,0.95,1,HIGH
PT-0695,Arunachal Pradesh,27.62853,91.30368,2507,44.35,259,0.81,3.29,0.6,0.35,1.82,23.7,144.6,80.6,1.21,1,HIGH
PT-0696,Meghalaya,24.53963,92.48836,2791,22.98,333,0.8,10.34,0.72,0.48,1.81,8.1,120.7,67.6,2.15,0,LOW
PT-0697,Assam (Dima Hasao),25.53964,93.02296,1615,36.72,297,0.9,11.03,0.9,0.46,2.45,71.9,194.0,92.2,1.05,1,SEVERE
PT-0698,Assam (Dima Hasao),25.24848,93.60738,1609,26.66,275,0.91,8.7,1.21,0.46,2.04,29.1,88.5,67.8,1.76,0,LOW
PT-0699,Mizoram,24.21328,92.50442,1281,46.26,118,0.86,6.25,0.34,0.32,2.61,21.3,94.4,65.8,0.99,1,HIGH
PT-0700,Arunachal Pradesh,27.764,91.97626,2454,36.58,291,0.89,12.31,2.04,0.4,3.0,35.0,149.9,80.9,1.0,1,HIGH
PT-0701,Arunachal Pradesh,27.35661,91.34781,2816,25.14,294,0.82,6.83,0.52,0.49,2.0,27.1,168.4,84.2,1.71,0,LOW
PT-0702,Tripura,24.21142,91.40168,1789,33.79,353,0.56,6.19,1.18,0.47,1.85,6.8,136.8,72.5,1.48,0,LOW
PT-0703,Mizoram,23.26284,93.18691,1920,48.06,315,0.79,6.0,0.25,0.42,3.09,33.4,170.6,81.9,0.81,1,SEVERE
PT-0704,Tripura,24.16014,92.13013,1249,24.35,260,0.55,11.65,1.35,0.53,2.43,28.9,127.8,74.0,1.68,0,LOW
PT-0705,Nagaland,25.35872,93.98195,2291,47.64,268,0.92,7.15,1.0,0.32,1.7,7.7,157.0,81.9,1.23,1,HIGH
PT-0706,Assam (Dima Hasao),25.08665,92.74391,1816,39.74,177,0.82,4.32,0.68,0.41,2.95,124.9,303.1,98.0,0.85,1,SEVERE
PT-0707,Assam (Dima Hasao),25.36972,92.5792,2669,38.84,86,0.77,9.82,2.12,0.43,2.76,89.3,108.6,65.9,1.09,0,MODERATE
PT-0708,Manipur,25.53851,94.04507,1874,41.06,56,0.93,9.29,0.35,0.47,2.09,7.4,68.3,61.7,1.25,0,LOW
PT-0709,Arunachal Pradesh,27.94437,92.14313,2475,44.51,80,0.82,2.31,1.42,0.38,2.71,19.2,186.8,85.4,0.9,1,SEVERE
PT-0710,Arunachal Pradesh,27.20848,91.9198,1921,49.5,324,0.85,2.21,1.33,0.4,1.48,31.8,126.7,69.7,1.41,0,LOW
PT-0711,Tripura,23.65912,91.48829,1105,39.09,109,0.53,6.17,1.27,0.38,1.39,15.3,93.0,66.3,1.65,0,LOW
PT-0712,Arunachal Pradesh,27.56108,92.03833,2607,46.7,118,0.9,4.26,1.13,0.38,2.32,17.5,68.6,64.7,1.07,0,MODERATE
PT-0713,Mizoram,23.62351,92.64661,2568,40.13,90,0.86,3.76,0.34,0.45,2.55,26.8,174.6,83.3,1.01,1,SEVERE
PT-0714,Manipur,25.48467,93.45476,2372,37.41,209,0.8,6.69,0.65,0.41,1.86,25.4,190.9,84.7,1.29,1,SEVERE
PT-0715,Assam (Dima Hasao),24.97781,93.39223,2360,32.23,293,0.94,5.92,1.74,0.42,3.13,10.8,114.9,74.8,1.14,0,MODERATE
PT-0716,Sikkim,27.6929,88.1083,1528,37.36,283,0.79,2.13,0.54,0.44,3.17,22.8,156.2,77.3,0.98,1,HIGH
PT-0717,Meghalaya,25.60278,92.1578,2615,38.61,6,0.74,3.25,2.07,0.36,1.88,8.5,73.2,58.4,1.41,0,LOW
PT-0718,Assam (Dima Hasao),24.61053,93.3099,1710,37.82,205,0.79,7.37,0.67,0.37,1.16,39.3,122.8,67.2,1.92,0,LOW
PT-0719,Meghalaya,24.62467,92.46583,2477,25.03,159,0.89,4.58,1.66,0.51,2.01,174.1,284.2,98.0,1.57,0,LOW
PT-0720,Manipur,24.77167,94.58026,1979,30.01,359,0.9,3.7,0.14,0.5,1.87,39.5,72.4,58.2,1.74,0,LOW
PT-0721,Sikkim,27.20682,88.27854,2598,35.4,329,0.84,2.39,1.42,0.39,2.23,142.4,255.3,97.0,1.12,0,MODERATE
PT-0722,Manipur,25.39979,93.98822,1683,36.36,119,0.8,4.7,0.96,0.49,2.84,58.4,172.2,86.6,1.0,1,SEVERE
PT-0723,Mizoram,23.94848,93.01605,1777,42.61,160,0.96,3.47,1.07,0.39,2.22,38.0,205.0,89.4,1.03,1,SEVERE
PT-0724,Nagaland,25.53082,94.29826,2659,45.53,85,0.84,7.6,0.34,0.43,2.09,28.6,66.7,63.4,1.16,0,MODERATE
PT-0725,Manipur,25.13929,93.7761,2245,32.25,346,0.84,3.97,1.97,0.49,1.37,57.8,205.3,94.7,1.7,0,LOW
PT-0726,Arunachal Pradesh,27.60326,91.55149,2529,26.88,69,0.75,4.64,1.1,0.5,1.39,240.0,255.9,98.0,1.91,0,LOW
PT-0727,Assam (Dima Hasao),25.40285,93.05528,2133,33.7,239,0.88,4.17,1.44,0.53,1.76,10.7,72.6,65.1,1.59,0,LOW
PT-0728,Manipur,25.36136,93.7869,1879,32.59,130,0.9,5.57,0.53,0.49,1.23,9.8,117.8,67.2,2.04,0,LOW
PT-0729,Manipur,25.05619,94.34637,1975,32.94,315,0.92,4.6,0.45,0.52,3.18,81.3,120.5,68.2,1.16,0,MODERATE
PT-0730,Sikkim,27.11801,89.07514,2404,50.5,225,0.87,3.6,0.74,0.37,1.53,74.3,205.8,88.8,1.29,1,SEVERE
PT-0731,Arunachal Pradesh,27.61682,92.30994,1609,54.24,324,0.89,4.61,1.86,0.31,2.08,35.8,142.9,75.8,1.06,0,MODERATE
PT-0732,Arunachal Pradesh,27.19361,92.28937,1866,51.91,177,0.87,2.1,1.28,0.4,3.07,9.9,148.3,72.7,0.82,1,HIGH
PT-0733,Tripura,23.75319,91.48387,1549,20.26,188,0.71,7.75,0.13,0.54,2.42,22.9,202.2,91.5,1.78,0,LOW
PT-0734,Mizoram,23.87032,93.27537,1574,46.65,241,0.97,5.3,1.13,0.36,2.92,41.3,62.6,54.1,0.98,1,HIGH
PT-0735,Meghalaya,25.35677,91.97229,1942,37.85,61,0.74,5.74,0.23,0.37,2.2,13.7,130.0,68.8,1.25,0,LOW
PT-0736,Arunachal Pradesh,28.05728,91.45306,2291,55.96,187,0.82,8.56,0.95,0.34,2.47,87.2,185.0,88.0,0.89,1,SEVERE
PT-0737,Nagaland,25.2871,93.44341,1827,30.1,209,0.83,5.93,1.86,0.42,1.6,20.9,129.6,75.5,1.76,0,LOW
PT-0738,Tripura,23.42579,92.35161,1845,27.31,162,0.65,14.44,1.71,0.57,1.48,4.2,138.7,73.0,2.03,0,LOW
PT-0739,Assam (Dima Hasao),25.46689,93.29573,2342,32.28,146,0.8,4.38,0.76,0.44,1.41,13.0,76.7,63.8,1.9,0,LOW
PT-0740,Mizoram,23.23089,92.53618,2655,31.55,267,0.86,5.29,1.85,0.41,2.84,38.6,88.4,66.5,1.28,0,LOW
PT-0741,Arunachal Pradesh,27.75521,92.06842,2650,42.35,257,0.83,4.9,0.66,0.4,1.46,15.1,182.2,85.3,1.43,1,SEVERE
PT-0742,Meghalaya,25.08025,92.3207,2464,31.72,337,0.85,3.29,1.57,0.51,2.91,27.4,97.6,68.0,1.25,0,LOW
PT-0743,Nagaland,25.30453,93.81961,2540,43.92,11,0.89,4.9,1.35,0.42,2.61,14.0,148.4,78.7,0.96,1,HIGH
PT-0744,Tripura,24.13427,91.61021,1579,41.11,259,0.55,7.39,0.67,0.42,2.3,9.1,73.7,62.2,1.18,0,MODERATE
PT-0745,Assam (Dima Hasao),25.71179,93.09159,2422,42.08,27,0.95,4.93,1.71,0.45,2.01,0.0,39.3,57.5,1.28,0,LOW
PT-0746,Mizoram,23.48903,92.33151,1907,45.03,125,0.8,4.83,1.73,0.3,1.35,39.9,119.9,68.5,1.56,0,LOW
PT-0747,Tripura,24.12212,92.24762,1138,22.54,49,0.61,6.96,2.06,0.55,1.72,56.2,215.2,93.3,1.96,0,LOW
PT-0748,Nagaland,25.49624,94.19385,2149,40.72,311,0.84,3.17,0.86,0.41,1.0,25.4,53.1,54.0,2.13,0,LOW
PT-0749,Tripura,23.54556,91.50348,1835,19.72,334,0.57,6.41,0.75,0.61,2.06,155.1,199.7,87.9,2.05,0,LOW
PT-0750,Nagaland,25.63791,93.48917,2016,37.64,207,0.96,2.53,0.77,0.45,1.84,33.3,206.7,89.5,1.27,1,SEVERE
PT-0751,Sikkim,27.09355,88.31038,1914,35.21,230,0.88,5.8,1.6,0.51,3.14,9.9,94.9,68.5,1.09,0,MODERATE
PT-0752,Nagaland,25.26046,93.79454,1977,48.17,101,0.9,4.88,1.93,0.34,2.02,101.2,192.1,82.8,1.08,1,SEVERE
PT-0753,Arunachal Pradesh,27.28279,91.65495,2960,40.03,277,0.77,2.37,0.98,0.41,1.65,5.9,141.7,76.5,1.39,0,LOW
PT-0754,Manipur,24.95835,93.52086,2445,48.01,324,0.89,8.58,0.83,0.34,2.36,45.7,214.5,95.4,0.91,1,SEVERE
PT-0755,Tripura,23.36877,91.64191,1824,35.99,326,0.69,6.27,1.18,0.49,1.74,18.6,99.7,63.8,1.53,0,LOW
PT-0756,Mizoram,23.98591,93.00122,2568,54.54,59,0.93,4.92,2.19,0.31,2.19,36.2,59.3,58.8,1.07,0,MODERATE
PT-0757,Assam (Dima Hasao),25.48286,92.93433,1417,34.74,141,0.86,4.12,0.94,0.41,1.63,11.6,155.6,80.8,1.52,0,LOW
PT-0758,Mizoram,23.44046,92.8289,2153,46.49,113,0.81,5.89,0.56,0.38,2.6,25.7,110.1,70.2,0.97,1,HIGH
PT-0759,Manipur,25.23072,94.08919,2386,34.37,227,0.82,7.82,1.15,0.47,1.37,25.8,149.8,78.7,1.74,0,LOW
PT-0760,Nagaland,25.83766,94.06359,2362,36.12,271,0.87,3.36,0.76,0.48,1.07,12.5,85.5,63.1,2.12,0,LOW
PT-0761,Sikkim,27.63167,88.34067,1212,41.15,192,0.96,2.35,1.37,0.46,1.21,240.0,349.2,98.0,1.6,1,SEVERE
PT-0762,Meghalaya,25.43025,92.94126,2001,45.4,180,0.88,4.55,1.36,0.34,1.8,108.0,281.4,98.0,1.13,1,SEVERE
PT-0763,Arunachal Pradesh,27.58277,91.88901,2691,45.19,237,0.78,7.96,0.43,0.43,1.88,88.6,229.5,97.1,1.1,1,SEVERE
PT-0764,Nagaland,25.54002,94.17373,2107,46.61,325,0.81,3.13,1.38,0.36,1.18,26.3,45.1,56.0,1.76,0,LOW
PT-0765,Meghalaya,25.19317,92.3263,2242,42.07,307,0.91,5.85,1.26,0.46,2.87,23.0,182.3,81.9,0.92,1,SEVERE
PT-0766,Assam (Dima Hasao),24.95727,92.76158,1878,39.03,236,0.85,6.88,1.03,0.38,1.39,51.3,198.9,92.1,1.51,1,SEVERE
PT-0767,Meghalaya,24.80384,92.62646,2307,47.28,349,0.87,8.24,2.19,0.41,1.15,15.1,148.2,73.8,1.71,0,LOW
PT-0768,Sikkim,27.25623,88.9933,2504,54.75,20,0.85,5.15,1.17,0.32,1.94,7.9,66.2,62.8,1.16,0,MODERATE
PT-0769,Nagaland,25.94639,93.82976,2003,36.7,124,0.96,3.09,0.3,0.47,1.16,27.1,82.5,60.7,1.99,0,LOW
PT-0770,Mizoram,23.94703,92.50679,2282,34.49,140,0.89,6.38,0.41,0.43,1.49,22.5,85.6,68.3,1.71,0,LOW
PT-0771,Meghalaya,25.19117,92.12569,1550,33.42,79,0.88,6.17,0.41,0.44,1.85,6.3,56.2,55.4,1.62,0,LOW
PT-0772,Sikkim,27.04131,88.86537,1104,41.29,207,0.88,7.76,2.14,0.43,2.29,37.0,114.4,74.4,1.11,0,MODERATE
PT-0773,Meghalaya,25.55494,92.33846,2094,28.71,342,0.92,4.25,0.75,0.47,1.61,40.5,162.7,79.4,1.79,0,LOW
PT-0774,Tripura,24.00329,92.01636,1754,38.38,268,0.71,9.38,0.86,0.36,2.38,27.8,87.6,68.9,1.18,0,MODERATE
PT-0775,Nagaland,26.24452,93.45717,2057,33.83,131,0.96,3.0,2.07,0.53,1.5,13.0,189.6,84.4,1.61,0,LOW
PT-0776,Mizoram,23.22963,92.33802,2089,41.32,67,0.87,2.96,0.58,0.42,2.28,38.5,182.4,83.3,1.07,1,SEVERE
PT-0777,Nagaland,25.31571,93.52969,2281,43.31,277,0.92,4.78,0.73,0.31,1.95,37.4,125.4,74.0,1.2,0,MODERATE
PT-0778,Tripura,24.51069,91.5521,1863,21.03,323,0.57,7.77,1.18,0.65,1.66,16.2,76.6,62.5,2.52,0,LOW
PT-0779,Mizoram,23.87111,92.24376,1978,40.2,3,0.83,11.96,1.09,0.36,1.14,18.2,185.9,85.3,1.77,1,SEVERE
PT-0780,Meghalaya,24.74231,91.89045,2357,36.73,156,0.79,5.09,0.32,0.41,2.34,8.4,49.2,58.5,1.29,0,LOW
PT-0781,Meghalaya,25.53283,92.49215,2791,46.35,242,0.86,7.09,1.74,0.33,3.05,97.0,162.1,77.1,0.86,1,SEVERE
PT-0782,Arunachal Pradesh,27.85205,92.24508,2615,41.43,288,0.8,2.85,1.7,0.39,3.13,81.8,257.7,98.0,0.8,1,SEVERE
PT-0783,Sikkim,27.71224,88.24266,2040,38.97,191,0.78,3.39,0.9,0.43,2.63,32.8,120.4,69.2,1.1,0,MODERATE
PT-0784,Nagaland,25.37177,93.78058,2236,27.11,240,0.98,9.83,1.74,0.51,3.11,16.2,194.0,88.5,1.21,0,MODERATE
PT-0785,Sikkim,26.85173,88.76755,2601,40.83,145,0.8,2.36,1.67,0.38,2.71,8.2,48.0,53.5,1.13,0,MODERATE
PT-0786,Assam (Dima Hasao),25.2442,92.93591,2413,30.57,338,0.81,5.89,0.71,0.42,2.7,77.1,209.5,89.2,1.17,0,MODERATE
PT-0787,Arunachal Pradesh,28.06612,91.78501,2191,47.58,239,0.77,2.62,0.52,0.43,1.57,47.0,85.1,65.1,1.38,0,LOW
PT-0788,Manipur,25.13557,94.00363,2257,46.78,262,0.86,5.09,2.19,0.43,2.92,38.7,100.3,65.4,0.93,1,HIGH
PT-0789,Nagaland,25.96132,94.06837,2066,51.89,272,0.83,4.3,1.89,0.33,2.03,13.6,40.7,55.8,1.15,0,MODERATE
PT-0790,Mizoram,23.67886,93.17723,2192,44.31,169,0.78,5.41,0.81,0.39,2.52,24.5,43.0,55.2,1.09,0,MODERATE
PT-0791,Sikkim,27.47843,88.46794,2286,48.61,77,0.83,2.63,1.52,0.32,2.01,39.6,149.4,76.4,1.1,0,MODERATE
PT-0792,Meghalaya,24.73662,91.93794,2210,34.76,273,0.85,7.86,1.74,0.47,3.1,18.9,71.9,57.9,1.18,0,MODERATE
PT-0793,Mizoram,23.31595,93.2992,2981,41.8,181,0.78,8.05,2.08,0.34,3.09,101.1,257.0,98.0,0.8,1,SEVERE
PT-0794,Sikkim,27.26617,88.47901,2599,44.02,63,0.8,2.48,2.02,0.42,1.27,10.4,106.1,69.4,1.64,0,LOW
PT-0795,Arunachal Pradesh,27.47815,91.50239,2564,51.51,244,0.77,1.8,1.06,0.24,2.77,97.4,170.9,87.1,0.83,1,SEVERE
PT-0796,Nagaland,25.60098,94.40737,3505,29.53,43,0.93,6.65,1.94,0.43,3.12,45.4,67.9,63.4,1.33,0,LOW
PT-0797,Meghalaya,25.1875,91.91354,2507,42.45,19,0.74,7.25,1.92,0.42,1.82,8.6,52.0,60.8,1.34,0,LOW
PT-0798,Meghalaya,25.40036,92.73238,2714,42.42,56,0.89,3.28,0.53,0.38,1.82,33.0,52.7,51.9,1.39,0,LOW
PT-0799,Sikkim,27.79658,88.04107,1712,53.51,23,0.89,5.59,1.62,0.25,1.22,12.6,96.9,62.0,1.66,0,LOW
PT-0800,Tripura,23.87732,91.74809,1484,32.48,308,0.69,6.0,1.1,0.54,1.57,38.8,211.7,93.3,1.54,0,LOW
PT-0801,Nagaland,25.65335,94.28846,1979,41.96,112,0.9,6.59,0.4,0.43,2.64,17.7,134.2,72.0,1.02,0,MODERATE
PT-0802,Mizoram,23.34155,92.90124,3032,30.39,342,0.89,4.62,2.17,0.46,2.98,23.5,62.5,61.1,1.34,0,LOW
PT-0803,Sikkim,27.62752,88.95973,1811,32.99,93,0.78,4.52,1.85,0.43,1.87,32.8,189.3,83.5,1.42,0,LOW
PT-0804,Manipur,25.20252,93.6778,1826,31.18,60,0.94,5.66,1.18,0.46,3.19,20.9,179.8,87.3,1.07,0,MODERATE
PT-0805,Tripura,24.1159,92.05162,2064,21.02,32,0.69,7.39,0.15,0.58,1.21,42.4,77.2,64.1,3.0,0,LOW
PT-0806,Meghalaya,25.55797,92.12844,2453,16.1,42,0.92,12.11,0.48,0.67,2.95,7.6,134.9,77.4,2.23,0,LOW
PT-0807,Assam (Dima Hasao),25.45009,92.83472,1906,31.53,271,0.87,8.03,0.86,0.44,3.08,23.5,55.0,53.8,1.33,0,LOW
PT-0808,Assam (Dima Hasao),25.58189,93.31133,2707,45.34,312,0.84,4.56,0.2,0.45,1.88,36.9,121.4,71.5,1.21,0,MODERATE
PT-0809,Arunachal Pradesh,27.14334,92.37577,2340,49.71,284,0.85,2.09,1.64,0.35,1.15,11.3,105.7,64.9,1.73,0,LOW
PT-0810,Assam (Dima Hasao),25.03949,92.60133,2253,26.24,127,0.93,4.18,2.12,0.5,2.96,67.3,238.1,93.9,1.23,0,MODERATE
PT-0811,Tripura,23.49089,91.58056,2150,21.01,266,0.59,6.27,1.42,0.57,2.45,6.7,144.3,76.3,1.9,0,LOW
PT-0812,Nagaland,26.13627,94.2951,1463,36.13,20,0.88,8.04,0.34,0.44,2.29,36.1,182.2,87.7,1.14,1,SEVERE
PT-0813,Assam (Dima Hasao),25.19741,92.51629,1143,32.83,185,0.81,8.74,1.14,0.51,1.95,5.6,147.6,80.9,1.41,0,LOW
PT-0814,Mizoram,24.20568,92.87832,2656,34.71,128,0.97,3.02,0.31,0.51,1.53,44.7,169.5,78.3,1.6,0,LOW
PT-0815,Tripura,23.9928,92.25489,2007,19.55,341,0.61,8.3,1.34,0.63,3.1,6.2,147.3,76.0,1.82,0,LOW
PT-0816,Manipur,25.63834,94.28195,2255,48.49,225,0.96,5.13,1.2,0.42,2.79,40.0,165.4,76.6,0.88,1,SEVERE
PT-0817,Meghalaya,24.53897,92.89514,2518,49.73,14,0.88,7.93,0.63,0.39,1.76,16.2,104.8,63.5,1.26,0,LOW
PT-0818,Tripura,24.15893,92.01177,1504,26.52,285,0.68,7.98,0.78,0.51,1.77,43.0,199.3,87.2,1.73,0,LOW
PT-0819,Assam (Dima Hasao),24.94984,92.777,1946,37.8,207,0.82,5.72,0.49,0.42,1.58,20.8,168.8,86.1,1.43,1,SEVERE
PT-0820,Meghalaya,25.66117,92.14731,2357,43.57,259,0.87,5.26,1.69,0.39,1.88,13.9,43.8,55.6,1.32,0,LOW
PT-0821,Manipur,25.68265,93.59492,2405,34.24,68,0.97,3.27,2.11,0.51,2.95,42.2,70.8,65.6,1.18,0,MODERATE
PT-0822,Tripura,24.31136,91.54508,2617,39.22,13,0.63,10.48,2.16,0.38,1.5,14.7,31.7,49.4,1.66,0,LOW
PT-0823,Sikkim,27.75904,88.57993,2436,33.13,290,0.82,2.51,1.19,0.46,2.27,22.4,80.5,65.7,1.38,0,LOW
PT-0824,Arunachal Pradesh,27.94411,91.56627,2886,32.96,120,0.78,2.6,2.11,0.42,2.89,16.1,119.9,67.7,1.21,0,MODERATE
PT-0825,Tripura,23.96243,91.37577,1486,28.49,178,0.67,8.59,1.26,0.59,2.02,2.7,119.8,71.3,1.63,0,LOW
PT-0826,Manipur,24.73759,94.61495,2182,46.1,332,0.8,4.07,1.92,0.31,2.5,63.4,172.4,87.4,0.92,1,SEVERE
PT-0827,Sikkim,27.58633,88.58897,1467,36.91,202,0.82,3.5,1.23,0.47,1.73,104.4,275.5,98.0,1.29,1,SEVERE
PT-0828,Arunachal Pradesh,28.01528,92.41507,2531,55.88,300,0.74,10.97,1.39,0.29,2.61,16.2,130.5,76.3,0.89,1,HIGH
PT-0829,Meghalaya,25.51289,91.79539,1815,46.92,169,0.75,10.5,1.31,0.43,1.85,59.6,97.5,64.9,1.24,0,MODERATE
PT-0830,Nagaland,25.45343,93.60289,2278,33.82,46,0.84,3.78,0.58,0.55,2.39,69.7,171.1,77.8,1.24,0,MODERATE
PT-0831,Sikkim,27.90841,88.07098,2422,38.82,270,0.78,2.99,0.74,0.47,2.25,3.6,47.0,56.7,1.28,0,LOW
PT-0832,Tripura,23.53814,91.51205,2296,17.43,79,0.65,8.13,1.97,0.64,2.94,8.1,158.2,75.1,2.1,0,LOW
PT-0833,Sikkim,27.85235,89.06588,2099,43.03,159,0.97,2.29,1.53,0.41,1.37,10.7,51.3,57.4,1.63,0,LOW
PT-0834,Arunachal Pradesh,28.10538,92.36433,2236,36.89,229,0.91,4.26,0.24,0.4,1.31,27.1,173.1,78.5,1.71,0,LOW
PT-0835,Sikkim,27.82993,89.10535,1558,48.14,302,0.8,3.83,1.49,0.32,2.16,38.0,118.0,71.4,1.07,0,MODERATE
PT-0836,Assam (Dima Hasao),24.90907,92.57257,1734,35.53,320,0.85,5.43,0.27,0.38,1.23,47.0,112.5,74.7,1.86,0,LOW
PT-0837,Mizoram,24.04501,92.94868,2182,37.85,45,0.83,5.01,1.99,0.44,2.41,29.0,51.8,54.4,1.27,0,LOW
PT-0838,Assam (Dima Hasao),24.99212,93.05532,1549,40.09,222,0.91,5.86,0.47,0.4,2.54,9.4,181.1,88.8,0.99,1,SEVERE
PT-0839,Arunachal Pradesh,27.06756,91.49433,2822,46.88,7,0.73,2.7,1.99,0.3,1.64,34.7,200.7,87.5,1.25,1,SEVERE
PT-0840,Meghalaya,25.6945,92.75189,2541,26.09,22,0.76,5.48,1.41,0.49,3.03,37.0,200.8,87.3,1.29,0,LOW
PT-0841,Mizoram,23.61104,92.12227,1895,43.25,97,0.93,4.47,1.36,0.41,1.87,25.2,149.6,75.1,1.23,0,MODERATE
PT-0842,Nagaland,25.21833,94.47266,2181,34.24,167,0.83,5.87,2.11,0.5,2.53,16.9,173.1,80.7,1.17,0,MODERATE
PT-0843,Nagaland,25.55389,94.45272,2307,39.95,254,0.84,4.33,0.17,0.41,1.25,24.6,53.4,58.7,1.8,0,LOW
PT-0844,Nagaland,25.3701,94.12838,2238,35.15,305,0.95,5.22,1.16,0.53,2.69,7.0,24.3,46.9,1.33,0,LOW
PT-0845,Mizoram,24.22621,92.53014,2679,43.29,200,0.85,10.14,1.16,0.35,2.38,63.9,83.1,62.7,1.11,0,MODERATE
PT-0846,Assam (Dima Hasao),25.29199,92.75537,2398,40.0,162,0.77,6.89,0.96,0.42,2.36,135.0,211.1,87.9,1.04,1,SEVERE
PT-0847,Nagaland,25.90118,93.39708,2167,41.6,198,0.95,2.82,0.57,0.42,2.24,52.3,217.6,97.2,1.0,1,SEVERE
PT-0848,Manipur,24.99896,94.15926,2310,26.16,349,0.89,3.72,2.16,0.55,2.05,25.4,185.5,83.0,1.64,0,LOW
PT-0849,Mizoram,23.88451,92.31922,1932,58.0,82,0.84,2.85,1.79,0.21,2.01,29.4,81.9,62.0,1.14,0,MODERATE
PT-0850,Arunachal Pradesh,27.22972,91.73695,2080,50.2,231,0.81,2.73,0.86,0.3,1.88,14.3,65.1,56.2,1.23,0,MODERATE
PT-0851,Assam (Dima Hasao),25.70761,93.28517,1699,36.52,237,0.87,7.61,0.96,0.47,1.47,5.8,128.4,71.3,1.63,0,LOW
PT-0852,Manipur,24.72106,93.68061,2064,33.85,196,0.98,4.41,2.08,0.39,1.45,9.5,186.8,87.9,1.63,0,LOW
PT-0853,Meghalaya,25.27949,92.45008,1870,37.35,162,0.82,8.26,0.37,0.51,1.7,32.6,168.9,85.9,1.37,1,SEVERE
PT-0854,Nagaland,26.02435,93.4929,2202,53.91,27,0.87,2.74,2.06,0.28,2.64,18.8,44.7,56.1,0.96,1,HIGH
PT-0855,Arunachal Pradesh,27.68014,92.24391,2425,32.45,148,0.78,5.55,0.44,0.54,1.36,120.5,203.1,90.3,1.74,0,LOW
PT-0856,Tripura,24.15984,91.58748,1493,29.28,58,0.66,6.4,1.03,0.55,1.3,23.9,67.0,54.9,2.24,0,LOW
PT-0857,Arunachal Pradesh,28.09713,91.95187,3014,50.6,251,0.91,3.59,1.96,0.41,2.95,7.2,71.7,59.7,0.9,1,HIGH
PT-0858,Meghalaya,24.64317,92.88203,2002,40.82,324,0.79,6.31,2.09,0.34,2.33,5.7,167.7,81.1,1.07,1,SEVERE
PT-0859,Meghalaya,24.94826,92.06326,1976,14.81,12,0.83,9.11,0.21,0.58,1.67,28.4,50.1,58.5,3.0,0,LOW
PT-0860,Tripura,24.11129,91.6495,1849,40.91,319,0.53,8.13,0.74,0.36,2.03,59.4,119.0,69.9,1.23,0,MODERATE
PT-0861,Arunachal Pradesh,27.94378,92.27435,1990,45.63,175,0.75,2.56,0.65,0.32,1.62,29.9,155.7,82.3,1.29,1,HIGH
PT-0862,Arunachal Pradesh,28.01377,92.32498,2366,47.89,54,0.77,1.99,0.24,0.36,1.52,3.9,138.2,77.8,1.36,0,LOW
PT-0863,Arunachal Pradesh,28.02419,91.99095,2748,49.85,235,0.85,2.5,1.5,0.35,1.12,125.1,293.0,98.0,1.64,1,SEVERE
PT-0864,Nagaland,25.08461,94.33991,2276,39.25,40,0.88,4.96,0.5,0.47,2.56,61.3,153.7,81.1,1.04,1,HIGH
PT-0865,Sikkim,27.26102,88.6091,2723,58.0,134,0.81,3.95,2.14,0.3,2.55,10.4,78.4,67.2,0.94,1,HIGH
PT-0866,Meghalaya,24.9836,92.76325,2405,33.76,327,0.79,4.59,1.83,0.51,2.17,48.6,105.1,70.7,1.36,0,LOW
PT-0867,Nagaland,25.15394,93.98271,2094,41.17,220,0.82,6.11,1.6,0.33,2.64,44.4,210.6,89.9,0.94,1,SEVERE
PT-0868,Nagaland,25.76304,94.26258,2464,36.03,245,0.87,3.39,1.13,0.46,2.64,9.3,138.3,74.5,1.13,0,MODERATE
PT-0869,Tripura,23.70924,92.2055,1589,33.17,237,0.62,6.38,1.68,0.46,1.05,19.0,197.3,89.7,2.09,0,LOW
PT-0870,Manipur,25.09885,93.94126,1437,44.69,77,0.91,3.51,0.3,0.36,1.33,1.1,80.8,60.8,1.62,0,LOW
PT-0871,Mizoram,23.39329,92.69384,1832,38.69,81,0.87,5.54,0.84,0.36,3.1,32.4,70.7,60.7,1.06,0,MODERATE
PT-0872,Tripura,24.28435,91.74961,1734,32.41,81,0.6,6.93,1.4,0.5,2.32,20.9,97.5,68.3,1.37,0,LOW
PT-0873,Meghalaya,24.95348,92.92452,2207,43.53,213,0.78,10.43,1.55,0.45,2.99,45.6,139.2,73.4,0.92,1,HIGH
PT-0874,Arunachal Pradesh,27.67266,91.64727,2511,45.34,164,0.88,3.62,2.01,0.41,2.34,16.2,124.1,76.2,1.03,0,MODERATE
PT-0875,Arunachal Pradesh,27.59315,91.3647,1850,44.01,41,0.83,3.05,1.99,0.45,2.6,24.7,71.6,63.5,1.04,0,MODERATE
PT-0876,Meghalaya,24.94654,92.69331,2100,30.74,1,0.8,7.56,1.11,0.44,1.6,210.9,325.7,98.0,1.55,0,LOW
PT-0877,Assam (Dima Hasao),25.71927,93.1271,2415,43.87,99,0.86,5.75,0.62,0.36,2.54,18.4,67.1,57.7,1.08,0,MODERATE
PT-0878,Sikkim,27.51196,88.91485,2455,49.38,75,0.87,3.2,0.43,0.33,1.69,25.5,73.1,62.1,1.31,0,LOW
PT-0879,Mizoram,23.31548,92.26424,2150,43.71,167,0.88,3.95,0.76,0.42,2.21,34.1,114.4,68.4,1.13,0,MODERATE
PT-0880,Sikkim,27.50235,88.38882,2170,42.09,261,0.79,5.16,0.38,0.33,1.15,37.0,207.1,87.9,1.71,1,SEVERE
PT-0881,Arunachal Pradesh,28.14678,91.65579,2644,33.33,252,0.8,1.66,0.97,0.52,2.53,4.7,53.9,53.4,1.39,0,LOW
PT-0882,Mizoram,23.39288,92.17782,2129,39.33,329,0.94,3.44,0.19,0.38,1.51,102.2,199.8,87.2,1.44,1,SEVERE
PT-0883,Manipur,24.68311,94.33864,2155,26.85,356,0.87,3.18,0.52,0.45,1.5,21.5,49.8,59.8,2.16,0,LOW
PT-0884,Meghalaya,24.98662,91.94271,2082,46.53,318,0.79,5.23,1.17,0.31,1.44,20.1,89.1,62.2,1.5,0,LOW
PT-0885,Nagaland,25.86056,93.93198,2472,20.48,343,0.9,3.8,0.49,0.51,2.77,44.3,92.3,66.0,1.96,0,LOW
PT-0886,Mizoram,24.11952,92.91905,1777,50.48,184,0.86,5.41,0.58,0.39,2.86,1.2,18.2,52.3,0.95,1,HIGH
PT-0887,Arunachal Pradesh,27.22762,92.38615,2540,38.89,200,0.84,1.95,1.13,0.44,1.63,43.6,99.6,68.1,1.48,0,LOW
PT-0888,Sikkim,27.75322,88.74313,1607,53.33,0,0.84,3.2,1.29,0.25,1.12,10.6,95.4,69.8,1.75,0,LOW
PT-0889,Nagaland,25.41597,94.17435,2254,38.41,61,0.86,3.26,2.05,0.49,2.76,125.9,263.7,98.0,0.91,1,SEVERE
PT-0890,Sikkim,27.78635,89.11845,2422,43.67,120,0.87,7.44,1.56,0.35,1.05,3.3,132.4,71.3,1.9,0,LOW
PT-0891,Manipur,25.47362,93.45588,2140,23.87,211,0.83,3.03,1.98,0.58,3.11,36.9,170.5,79.5,1.46,0,LOW
PT-0892,Mizoram,23.1493,92.43635,2015,43.81,229,0.93,16.5,0.19,0.4,2.89,60.7,206.4,92.6,0.84,1,SEVERE
PT-0893,Sikkim,27.07382,88.1061,2750,32.65,278,0.81,4.69,0.88,0.49,1.32,20.6,64.3,58.2,2.0,0,LOW
PT-0894,Tripura,24.50022,92.17078,2128,32.72,253,0.67,7.31,2.12,0.41,1.56,129.3,250.8,98.0,1.51,0,LOW
PT-0895,Meghalaya,25.57769,92.17214,1570,54.61,74,0.85,5.14,1.85,0.24,2.76,84.7,133.7,76.3,0.86,1,HIGH
PT-0896,Nagaland,26.06813,94.44687,2138,48.38,266,0.82,2.51,2.06,0.37,1.36,61.9,132.2,70.3,1.51,0,LOW
PT-0897,Arunachal Pradesh,27.63814,91.72395,2048,39.86,295,0.79,2.81,1.68,0.35,2.41,89.9,252.6,97.5,0.97,1,SEVERE
PT-0898,Sikkim,27.80182,89.16314,1880,44.71,36,0.92,2.92,1.69,0.35,1.46,47.8,94.3,60.9,1.51,0,LOW
PT-0899,Mizoram,23.26529,92.33286,2067,40.47,129,0.86,3.12,2.08,0.44,1.02,21.0,97.9,64.6,2.04,0,LOW
PT-0900,Tripura,24.08226,91.962,842,17.12,255,0.59,6.08,1.57,0.67,1.84,5.2,133.8,75.6,2.7,0,LOW
PT-0901,Arunachal Pradesh,28.11895,92.07182,2328,51.33,249,0.87,1.73,0.63,0.26,1.54,33.4,63.9,57.9,1.4,0,LOW
PT-0902,Arunachal Pradesh,27.26965,92.4308,2404,50.31,231,0.76,2.82,0.12,0.27,2.9,47.1,135.4,74.8,0.86,1,HIGH
PT-0903,Tripura,23.64969,91.92806,1298,28.94,24,0.58,6.31,1.19,0.46,1.99,6.8,121.0,70.9,1.63,0,LOW
PT-0904,Meghalaya,25.67228,91.85218,2089,30.36,198,0.89,7.31,2.0,0.54,1.1,20.8,148.5,81.1,2.21,0,LOW
PT-0905,Assam (Dima Hasao),25.42659,93.3801,1969,38.53,84,0.79,7.37,2.09,0.44,1.96,60.0,78.4,62.5,1.36,0,LOW
PT-0906,Arunachal Pradesh,27.7418,91.37759,2386,38.02,285,0.86,1.67,0.28,0.49,2.46,35.4,90.5,69.2,1.16,0,MODERATE
PT-0907,Meghalaya,24.65521,91.95439,1838,25.98,228,0.86,5.17,1.27,0.53,3.14,31.2,65.3,54.8,1.58,0,LOW
PT-0908,Assam (Dima Hasao),24.74686,92.56986,1974,34.66,30,0.86,4.03,1.2,0.42,2.17,83.4,151.1,75.7,1.3,0,LOW
PT-0909,Tripura,24.28147,91.4764,1773,17.55,50,0.56,8.01,1.42,0.66,1.16,43.6,82.6,65.8,3.0,0,LOW
PT-0910,Tripura,23.93606,92.43483,1603,20.83,211,0.7,7.12,0.57,0.54,1.13,102.3,246.1,94.4,2.81,0,LOW
PT-0911,Arunachal Pradesh,27.44893,91.97772,1908,52.36,65,0.82,8.96,1.17,0.3,2.92,15.9,116.9,70.7,0.85,1,HIGH
PT-0912,Nagaland,25.59929,93.4271,2224,41.89,74,0.95,2.6,0.68,0.37,2.43,20.4,173.4,84.2,1.01,1,SEVERE
PT-0913,Mizoram,24.14645,92.67389,2245,27.41,352,0.89,4.85,1.53,0.54,2.73,20.6,149.7,82.7,1.34,0,LOW
PT-0914,Nagaland,25.38191,93.71185,2451,38.18,262,0.85,9.04,0.78,0.39,1.42,13.6,83.9,65.2,1.66,0,LOW
PT-0915,Mizoram,23.43669,92.61862,1696,33.07,71,0.93,5.71,0.5,0.5,2.57,11.4,102.7,67.8,1.28,0,LOW
PT-0916,Nagaland,25.94951,94.44137,1983,35.72,324,0.97,3.01,1.46,0.45,1.54,15.8,124.6,72.8,1.6,0,LOW
PT-0917,Meghalaya,24.81567,91.84646,2299,41.17,281,0.93,3.21,0.5,0.48,3.04,234.7,346.0,98.0,0.82,1,SEVERE
PT-0918,Manipur,24.89903,93.48119,2564,18.94,304,0.81,4.44,0.76,0.53,1.27,49.7,71.5,56.4,3.0,0,LOW
PT-0919,Nagaland,25.73819,93.7121,1384,42.61,351,0.88,2.6,1.49,0.32,1.25,37.4,99.3,64.3,1.71,0,LOW
PT-0920,Assam (Dima Hasao),25.31197,93.09474,2466,34.0,121,0.79,6.02,0.77,0.42,2.77,14.1,130.8,78.3,1.13,0,MODERATE
PT-0921,Nagaland,25.76549,94.12696,2061,52.48,63,0.82,7.17,0.56,0.31,1.36,12.4,45.1,52.3,1.56,0,LOW
PT-0922,Mizoram,23.64223,93.14307,1891,44.78,118,0.79,3.01,1.6,0.37,2.63,47.7,125.4,73.0,0.98,1,HIGH
PT-0923,Mizoram,23.36615,92.91797,2476,25.9,175,0.83,4.53,1.39,0.59,2.33,60.8,175.0,85.5,1.51,0,LOW
PT-0924,Manipur,24.86206,93.90481,2450,39.4,140,0.84,3.86,0.58,0.44,2.03,136.9,192.2,89.3,1.15,1,SEVERE
PT-0925,Tripura,24.17568,91.27626,1566,19.63,10,0.63,9.22,2.01,0.52,1.56,22.8,202.3,89.3,2.43,0,LOW
PT-0926,Meghalaya,24.77296,92.46259,2013,26.83,100,0.9,12.88,0.87,0.57,1.2,9.2,138.9,71.1,2.38,0,LOW
PT-0927,Nagaland,25.7103,93.69617,2320,41.46,223,0.86,8.69,0.58,0.37,2.15,4.8,28.4,52.8,1.27,0,LOW
PT-0928,Meghalaya,24.85589,92.3243,2158,31.97,8,0.89,3.74,1.6,0.41,1.22,13.0,48.5,55.3,2.17,0,LOW
PT-0929,Arunachal Pradesh,27.84785,91.43326,2231,49.13,4,0.79,1.97,0.67,0.39,2.1,22.7,65.3,59.1,1.14,0,MODERATE
PT-0930,Meghalaya,24.80031,92.49076,2513,27.19,236,0.78,3.68,0.33,0.48,2.41,8.0,85.3,58.8,1.66,0,LOW
PT-0931,Tripura,23.95467,91.83795,1267,26.25,206,0.71,7.57,1.46,0.53,2.73,90.9,172.8,80.5,1.42,0,LOW
PT-0932,Manipur,24.86027,94.44951,2197,39.43,37,0.91,4.15,0.73,0.44,1.91,23.4,90.3,61.9,1.36,0,LOW
PT-0933,Sikkim,26.98868,88.93009,1887,42.02,302,0.94,5.46,1.46,0.37,1.54,12.9,100.3,66.9,1.47,0,LOW
PT-0934,Tripura,24.17547,91.69588,1887,27.11,26,0.58,6.39,1.44,0.46,1.82,120.1,281.5,98.0,1.57,0,LOW
PT-0935,Nagaland,25.79788,93.81573,2133,30.49,245,0.81,3.51,0.75,0.5,1.02,68.2,175.9,79.3,2.35,0,LOW
PT-0936,Assam (Dima Hasao),25.32681,92.85552,2125,28.59,313,0.85,6.43,0.7,0.44,2.14,28.8,124.2,75.0,1.55,0,LOW
PT-0937,Sikkim,27.52958,88.65759,1854,41.94,78,0.97,3.19,1.49,0.39,2.59,7.7,173.7,79.1,1.0,0,MODERATE
PT-0938,Manipur,24.99091,93.68429,2144,39.13,68,0.83,5.11,0.98,0.48,1.33,14.7,180.9,79.8,1.63,0,LOW
PT-0939,Nagaland,25.27607,93.43495,1555,37.12,112,0.89,12.43,2.04,0.44,1.18,114.8,231.6,98.0,1.72,1,SEVERE
PT-0940,Tripura,24.4668,91.5597,1445,11.32,169,0.66,6.99,0.43,0.68,2.58,16.4,129.4,77.4,3.0,0,LOW
PT-0941,Assam (Dima Hasao),25.54792,92.93065,2847,32.53,153,0.86,7.22,0.95,0.55,1.66,9.8,49.2,53.1,1.78,0,LOW
PT-0942,Assam (Dima Hasao),25.6269,92.70849,1576,49.17,357,0.87,5.13,1.66,0.33,1.73,8.9,103.3,72.0,1.25,0,LOW
PT-0943,Nagaland,26.00996,94.50135,2290,46.17,221,0.83,4.1,0.16,0.44,1.26,105.6,201.8,94.0,1.51,1,SEVERE
PT-0944,Assam (Dima Hasao),25.05638,93.42934,2493,32.66,84,0.83,6.28,1.35,0.53,1.22,66.9,106.7,67.8,2.04,0,LOW
PT-0945,Nagaland,26.20125,94.34231,1974,37.6,26,0.8,2.99,0.38,0.51,1.81,42.2,116.1,71.3,1.4,0,LOW
PT-0946,Sikkim,26.92827,88.37172,2958,58.0,42,0.98,4.38,1.83,0.22,1.37,240.0,272.7,98.0,1.43,1,SEVERE
PT-0947,Nagaland,26.07816,93.73133,2354,48.4,133,0.83,6.24,1.18,0.35,1.49,25.0,95.9,62.7,1.44,0,LOW
PT-0948,Tripura,24.29232,91.6805,1693,19.76,205,0.61,12.67,1.77,0.64,2.47,30.9,161.9,76.0,2.01,0,LOW
PT-0949,Sikkim,27.43522,88.14126,2509,48.38,76,0.92,2.83,0.8,0.32,1.53,26.4,194.8,89.5,1.3,1,SEVERE
PT-0950,Mizoram,24.24492,92.36173,2215,38.06,80,0.85,3.86,0.2,0.49,2.77,83.7,175.2,88.2,0.97,1,SEVERE
PT-0951,Arunachal Pradesh,27.51953,92.22894,1791,43.65,337,0.78,7.68,1.29,0.42,1.02,47.9,131.5,73.8,1.93,0,LOW
PT-0952,Arunachal Pradesh,27.1578,92.31106,2815,44.64,142,0.9,4.69,0.98,0.42,2.39,41.0,117.5,65.9,1.07,0,MODERATE
PT-0953,Tripura,24.24588,92.41313,1898,27.27,348,0.66,9.33,1.16,0.53,2.96,32.6,148.6,77.0,1.34,0,LOW
PT-0954,Sikkim,27.27594,88.86293,2142,33.08,233,0.79,3.01,0.96,0.49,2.74,105.3,273.6,98.0,1.02,0,MODERATE
PT-0955,Assam (Dima Hasao),25.67771,93.41176,2295,36.0,333,0.93,8.24,1.5,0.46,1.87,13.0,64.6,62.4,1.47,0,LOW
PT-0956,Assam (Dima Hasao),25.04638,92.92601,1863,48.05,140,0.87,9.74,2.07,0.27,2.91,39.5,184.5,88.3,0.82,1,SEVERE
PT-0957,Sikkim,27.32596,88.69621,2175,32.71,59,0.95,8.5,0.92,0.51,1.39,5.6,91.5,63.4,1.9,0,LOW
PT-0958,Assam (Dima Hasao),25.70589,92.43483,2449,43.55,132,0.79,4.86,0.64,0.33,1.94,21.3,162.5,78.6,1.18,0,MODERATE
PT-0959,Nagaland,25.17147,93.57668,2733,51.75,122,0.81,6.18,1.69,0.28,1.39,20.2,117.8,74.3,1.45,0,LOW
PT-0960,Tripura,23.93294,91.82749,1305,16.09,182,0.69,7.09,0.91,0.57,3.08,46.0,163.4,85.6,2.06,0,LOW
PT-0961,Nagaland,26.27055,93.58475,2521,34.02,353,0.91,4.13,2.04,0.49,1.07,40.7,127.0,76.0,2.12,0,LOW
PT-0962,Manipur,24.91483,93.64817,1671,29.61,357,0.8,15.41,0.58,0.53,3.01,73.7,152.6,80.0,1.21,0,MODERATE
PT-0963,Assam (Dima Hasao),25.64996,92.45366,2446,38.7,8,0.96,10.79,1.46,0.41,2.84,43.8,72.9,64.5,1.09,0,MODERATE
PT-0964,Nagaland,25.79146,93.95812,2018,30.03,174,0.82,6.66,1.75,0.52,1.54,27.7,49.1,51.9,2.0,0,LOW
PT-0965,Mizoram,23.91779,93.30808,1593,35.4,78,0.83,7.54,2.16,0.53,1.8,67.1,149.2,73.1,1.45,0,LOW
PT-0966,Mizoram,23.5133,92.96416,1607,51.85,308,0.89,3.06,0.34,0.39,2.69,6.6,116.7,71.5,0.9,1,HIGH
PT-0967,Nagaland,25.35782,93.72182,1793,44.15,277,0.98,2.71,1.6,0.45,2.91,118.4,242.0,94.2,0.82,1,SEVERE
PT-0968,Manipur,25.56276,93.46888,1951,44.83,336,0.86,6.38,0.39,0.31,3.08,111.0,133.0,77.4,0.87,1,HIGH
PT-0969,Manipur,25.31036,93.73714,1887,29.9,126,0.81,3.46,1.46,0.51,2.91,5.8,56.8,59.6,1.39,0,LOW
PT-0970,Meghalaya,25.39543,92.74661,1824,33.72,208,0.73,5.05,0.67,0.52,2.71,39.7,64.5,56.3,1.31,0,LOW
PT-0971,Manipur,24.89097,94.05334,2425,33.74,302,0.87,5.16,0.67,0.49,2.96,16.5,131.4,68.9,1.17,0,MODERATE
PT-0972,Nagaland,25.56665,93.6194,2348,38.93,94,0.96,4.67,2.13,0.39,2.56,14.4,37.1,48.9,1.23,0,MODERATE
PT-0973,Manipur,24.81955,93.68176,2014,47.49,333,0.83,3.29,1.56,0.34,1.75,7.9,129.8,69.8,1.26,0,LOW
PT-0974,Arunachal Pradesh,27.37013,91.74335,1894,37.9,227,0.85,6.38,0.41,0.42,1.41,47.6,102.7,67.5,1.66,0,LOW
PT-0975,Mizoram,23.64494,92.41253,2283,35.97,30,0.92,4.66,0.53,0.39,1.63,9.7,151.6,78.1,1.5,0,LOW
PT-0976,Nagaland,25.78378,93.80741,1864,33.95,352,0.97,7.07,2.12,0.43,2.06,7.2,151.1,79.7,1.33,0,LOW
PT-0977,Manipur,24.92265,94.55822,2080,20.55,56,0.84,4.16,0.64,0.51,2.9,18.6,100.2,62.7,1.96,0,LOW
PT-0978,Nagaland,25.36947,93.72938,1616,43.63,342,0.98,7.34,1.31,0.45,3.03,49.0,64.6,63.8,0.96,1,HIGH
PT-0979,Arunachal Pradesh,27.90219,92.17362,2494,38.0,246,0.76,1.79,0.74,0.48,1.55,31.4,150.2,79.7,1.48,0,LOW
PT-0980,Arunachal Pradesh,27.09531,91.81623,2587,45.86,23,0.89,2.6,1.69,0.37,2.08,41.3,170.1,78.5,1.09,0,MODERATE
PT-0981,Meghalaya,24.78757,92.79986,2406,38.16,37,0.75,14.66,1.25,0.47,1.49,23.2,44.2,49.8,1.7,0,LOW
PT-0982,Manipur,24.80433,93.75649,1927,31.04,107,0.81,9.43,1.38,0.43,1.55,68.6,238.4,94.9,1.6,0,LOW
PT-0983,Tripura,24.1468,91.89929,1259,19.63,3,0.72,7.68,2.18,0.63,2.95,35.0,87.8,65.1,2.0,0,LOW
PT-0984,Sikkim,27.24253,88.41875,2570,36.88,356,0.81,5.36,2.16,0.45,2.47,86.4,140.0,71.3,1.17,0,MODERATE
PT-0985,Meghalaya,24.74503,92.01089,2347,41.61,338,0.82,5.61,0.17,0.44,2.59,70.7,211.3,94.8,0.92,1,SEVERE
PT-0986,Manipur,24.84472,93.49592,1899,44.91,3,0.82,3.09,0.47,0.43,1.92,8.6,35.7,52.0,1.29,0,LOW
PT-0987,Manipur,24.93511,94.39512,2552,37.08,284,0.97,4.89,1.99,0.46,3.12,20.0,109.8,72.4,1.02,0,MODERATE
PT-0988,Assam (Dima Hasao),25.71434,92.91986,1625,24.77,142,0.82,6.33,2.05,0.59,2.84,17.5,160.0,79.8,1.47,0,LOW
PT-0989,Nagaland,26.12967,93.52842,1457,33.49,117,0.95,4.41,1.9,0.48,1.87,37.1,186.9,81.6,1.42,0,LOW
PT-0990,Meghalaya,25.15683,92.03816,2605,47.48,260,0.9,5.16,0.26,0.36,1.18,4.9,63.0,59.3,1.74,0,LOW
PT-0991,Meghalaya,24.56282,92.34861,1896,38.16,112,0.87,3.43,0.41,0.42,1.93,8.6,149.0,77.4,1.29,0,LOW
PT-0992,Mizoram,24.3113,92.51522,2211,41.12,13,0.93,5.74,1.91,0.44,1.18,67.8,187.9,82.1,1.72,1,SEVERE
PT-0993,Assam (Dima Hasao),25.14694,93.37645,2302,20.25,331,0.83,7.87,1.67,0.6,2.58,19.1,145.0,79.8,1.87,0,LOW
PT-0994,Mizoram,24.02304,92.42296,2526,51.82,307,0.9,4.74,0.7,0.32,2.69,87.0,149.7,79.2,0.87,1,HIGH
PT-0995,Sikkim,27.10694,88.56265,2252,33.59,22,0.9,2.01,0.65,0.43,1.76,22.4,122.5,72.3,1.54,0,LOW
PT-0996,Manipur,25.11327,93.56753,2455,26.55,261,0.84,3.97,1.49,0.51,2.81,21.9,43.8,56.8,1.6,0,LOW
PT-0997,Tripura,23.38364,91.4995,2078,13.52,285,0.62,7.1,2.2,0.68,2.71,43.5,145.3,73.2,2.83,0,LOW
PT-0998,Sikkim,27.05137,88.05638,2512,47.37,270,0.8,4.03,1.21,0.28,2.38,97.2,141.5,80.6,0.97,1,HIGH
PT-0999,Tripura,24.37654,91.54882,2232,30.12,96,0.64,6.17,0.66,0.44,1.14,32.9,96.6,63.0,2.31,0,LOW
PT-1000,Mizoram,23.60917,92.30031,2564,40.36,66,0.84,6.03,1.21,0.37,1.68,8.7,167.8,85.1,1.32,1,SEVERE
PT-1001,Mizoram,24.25454,92.86796,2904,50.03,191,0.92,7.83,0.19,0.32,1.5,20.3,148.0,75.5,1.37,0,LOW
PT-1002,Sikkim,27.5324,88.5638,2849,37.28,148,0.88,10.05,1.21,0.51,1.05,5.8,60.6,60.3,2.12,0,LOW
PT-1003,Meghalaya,25.5065,92.09052,1874,35.38,312,0.9,3.36,1.55,0.38,2.51,95.9,150.3,82.2,1.13,0,MODERATE
PT-1004,Assam (Dima Hasao),25.73368,93.39873,2426,38.14,300,0.82,7.09,0.93,0.39,1.31,5.0,119.0,71.4,1.72,0,LOW
PT-1005,Nagaland,25.73325,94.11775,2610,42.19,323,0.94,4.2,0.38,0.42,3.2,26.1,46.8,51.1,1.02,0,MODERATE
PT-1006,Nagaland,26.18176,94.12425,2146,26.36,167,0.98,2.75,2.12,0.59,2.71,28.6,45.0,59.0,1.62,0,LOW
PT-1007,Assam (Dima Hasao),25.55442,93.60672,2055,38.5,212,0.78,4.34,1.35,0.5,1.54,32.0,163.0,78.5,1.49,0,LOW
PT-1008,Mizoram,24.10765,92.82529,2011,55.88,1,0.95,5.65,0.92,0.3,1.76,8.4,123.0,75.1,1.21,0,MODERATE
PT-1009,Mizoram,23.25063,92.46069,2627,41.08,175,0.94,5.01,1.69,0.39,1.38,47.4,162.5,80.8,1.54,1,SEVERE
PT-1010,Nagaland,25.36817,93.72002,2284,37.43,130,0.98,5.47,1.9,0.41,2.14,68.7,220.6,94.8,1.12,1,SEVERE
PT-1011,Arunachal Pradesh,27.26518,92.37271,2734,26.4,23,0.82,1.75,1.67,0.52,2.86,47.5,206.8,86.0,1.32,0,LOW
PT-1012,Assam (Dima Hasao),25.00359,92.8874,1621,24.19,13,0.84,6.89,0.25,0.62,1.47,39.5,96.4,64.6,2.35,0,LOW
PT-1013,Sikkim,27.71088,88.61089,2686,45.97,248,0.91,3.66,1.7,0.39,1.31,37.2,95.7,68.6,1.58,0,LOW
PT-1014,Sikkim,26.86899,88.36481,2061,29.45,229,0.94,3.05,0.6,0.56,3.01,28.8,111.0,66.5,1.33,0,LOW
PT-1015,Arunachal Pradesh,27.71741,91.39896,2542,49.77,353,0.86,3.83,0.2,0.31,2.24,41.1,103.3,64.5,1.06,0,MODERATE
PT-1016,Sikkim,27.58758,88.54373,2904,41.55,206,0.93,5.06,1.41,0.42,2.69,23.6,167.4,79.8,0.98,1,SEVERE
PT-1017,Tripura,23.42759,91.87665,2194,34.03,296,0.61,13.59,0.62,0.44,1.23,34.7,100.8,68.4,1.96,0,LOW
PT-1018,Assam (Dima Hasao),25.71395,93.47865,2446,46.14,114,0.82,4.38,2.14,0.35,2.23,23.4,153.8,83.7,1.02,1,HIGH
PT-1019,Tripura,23.506,92.01829,1806,18.48,15,0.66,6.48,0.55,0.61,3.19,46.7,115.5,72.0,1.96,0,LOW
PT-1020,Arunachal Pradesh,27.76023,92.32823,2275,33.11,287,0.87,6.02,2.16,0.53,2.97,44.9,79.3,58.9,1.26,0,LOW
PT-1021,Manipur,25.06961,94.0791,1969,40.47,302,0.94,4.97,0.41,0.44,1.21,42.5,114.4,71.5,1.76,0,LOW
PT-1022,Assam (Dima Hasao),24.58792,92.98831,2259,24.99,351,0.94,7.64,1.8,0.51,1.74,10.4,164.5,84.0,1.87,0,LOW
PT-1023,Manipur,25.30976,93.70872,1840,39.86,260,0.84,8.73,1.89,0.47,1.36,5.0,130.2,73.8,1.62,0,LOW
PT-1024,Manipur,25.74881,93.88714,2128,41.74,198,0.89,3.2,1.5,0.45,1.74,43.5,66.4,55.3,1.42,0,LOW
PT-1025,Sikkim,27.46448,88.3351,2730,39.26,164,0.79,3.31,0.47,0.44,1.43,29.3,112.1,66.1,1.62,0,LOW
PT-1026,Arunachal Pradesh,27.24461,91.58576,2383,52.72,226,0.84,2.74,0.22,0.38,2.95,39.3,122.2,68.2,0.86,1,HIGH
PT-1027,Meghalaya,24.92346,92.42656,2448,48.74,320,0.9,9.6,2.04,0.42,2.24,8.0,151.3,73.5,1.03,0,MODERATE
PT-1028,Mizoram,23.20059,92.34432,2443,41.6,67,0.96,3.74,1.6,0.35,1.76,9.9,114.8,66.0,1.36,0,LOW
PT-1029,Sikkim,26.9759,89.19533,1981,51.44,40,0.9,2.0,0.34,0.36,1.52,55.4,92.2,65.2,1.39,0,LOW
PT-1030,Arunachal Pradesh,27.43118,91.47846,2578,29.05,279,0.78,2.27,0.2,0.58,2.9,7.6,87.9,64.4,1.39,0,LOW
PT-1031,Nagaland,25.59739,93.73171,2290,46.77,349,0.85,2.77,1.09,0.3,1.31,78.3,203.4,86.5,1.49,1,SEVERE
PT-1032,Meghalaya,24.60021,92.76075,1509,26.12,301,0.84,3.7,1.42,0.49,3.05,42.5,113.6,73.3,1.42,0,LOW
PT-1033,Tripura,23.60064,91.76122,1077,33.05,276,0.58,6.31,1.18,0.48,3.19,20.7,130.2,73.1,1.12,0,MODERATE
PT-1034,Sikkim,27.32139,88.84338,2132,31.74,206,0.92,14.99,1.05,0.52,1.89,15.6,97.4,69.2,1.56,0,LOW
PT-1035,Meghalaya,25.54212,91.77855,1721,36.66,73,0.75,7.79,0.48,0.47,1.72,240.0,367.0,98.0,1.3,1,SEVERE
PT-1036,Sikkim,27.66274,88.64689,2323,38.66,135,0.86,2.41,0.25,0.45,3.06,42.3,111.3,68.5,1.02,0,MODERATE
PT-1037,Tripura,24.22596,92.39587,1556,17.33,349,0.58,7.41,1.38,0.57,2.2,8.6,170.8,78.0,2.38,0,LOW
PT-1038,Arunachal Pradesh,27.93806,92.39168,2103,42.06,277,0.81,4.68,1.61,0.36,3.13,18.4,133.3,77.8,0.9,1,HIGH
PT-1039,Nagaland,25.85672,93.73028,2295,30.01,234,0.98,5.98,0.18,0.52,1.2,15.6,120.4,71.0,2.18,0,LOW
PT-1040,Tripura,23.55519,92.17293,1642,25.04,315,0.62,7.2,0.26,0.56,2.58,25.8,141.5,76.1,1.57,0,LOW
PT-1041,Meghalaya,25.53843,92.44951,2219,27.9,78,0.9,3.55,1.18,0.47,3.19,51.5,119.0,71.4,1.32,0,LOW
PT-1042,Manipur,25.43226,94.23881,1806,39.89,356,0.84,3.08,1.98,0.4,3.19,48.3,176.4,84.5,0.89,1,SEVERE
PT-1043,Sikkim,27.53761,88.2015,2141,45.77,175,0.95,2.78,0.48,0.37,2.01,7.6,159.0,81.1,1.11,1,HIGH
PT-1044,Meghalaya,25.27596,92.52074,2380,42.2,294,0.9,7.1,1.84,0.35,3.07,115.9,225.4,90.6,0.84,1,SEVERE
PT-1045,Manipur,24.85731,93.51553,1847,35.17,272,0.94,6.2,2.06,0.41,3.08,173.1,216.5,97.1,0.91,1,SEVERE
PT-1046,Assam (Dima Hasao),25.612,92.67672,1911,22.14,189,0.78,8.92,2.07,0.5,2.56,1.3,122.9,72.2,1.81,0,LOW
PT-1047,Manipur,25.79949,94.09042,2160,44.56,249,0.94,3.85,0.65,0.3,1.67,44.5,207.0,93.8,1.22,1,SEVERE
PT-1048,Nagaland,26.19158,93.52584,2212,30.43,24,0.84,6.97,0.8,0.45,2.75,22.6,102.7,63.5,1.37,0,LOW
PT-1049,Mizoram,23.66441,92.50212,2347,38.32,88,0.84,8.23,1.82,0.43,2.86,13.6,98.9,70.3,1.06,0,MODERATE
PT-1050,Sikkim,26.74927,88.74492,2211,46.08,329,0.94,2.83,1.72,0.3,2.71,24.1,126.4,77.8,0.92,1,HIGH
PT-1051,Tripura,23.99378,91.97609,1202,32.42,3,0.58,6.35,1.87,0.48,2.88,8.9,46.5,53.5,1.34,0,LOW
PT-1052,Manipur,25.1593,94.56666,1780,44.52,212,0.95,4.49,1.03,0.35,1.37,20.6,91.3,67.5,1.55,0,LOW
PT-1053,Mizoram,23.76962,92.51744,1723,23.53,162,0.93,7.41,0.7,0.55,1.67,10.3,39.0,55.5,2.34,0,LOW
PT-1054,Arunachal Pradesh,27.01047,92.36909,2343,46.12,79,0.88,2.67,0.58,0.39,1.51,10.9,170.7,86.4,1.34,1,SEVERE
PT-1055,Nagaland,26.03917,94.43218,2180,39.72,174,0.9,4.34,1.43,0.41,2.62,17.8,79.7,62.7,1.12,0,MODERATE
PT-1056,Manipur,25.12299,94.16395,1939,37.13,353,0.98,3.63,1.04,0.46,1.97,33.9,73.6,56.3,1.43,0,LOW
PT-1057,Arunachal Pradesh,27.99516,92.43175,1587,39.17,147,0.76,9.47,1.2,0.47,1.38,84.7,221.3,90.6,1.52,1,SEVERE
PT-1058,Nagaland,25.23155,94.1179,1817,46.81,320,0.86,2.74,0.89,0.28,1.2,15.2,56.6,59.6,1.72,0,LOW
PT-1059,Tripura,23.73401,91.88902,1355,26.81,44,0.66,6.49,0.48,0.5,2.02,181.1,288.8,98.0,1.48,0,LOW
PT-1060,Meghalaya,24.96469,92.79529,1949,42.22,316,0.75,7.44,1.9,0.44,1.84,15.8,47.7,51.0,1.38,0,LOW
PT-1061,Meghalaya,25.37195,92.91242,1887,33.15,234,0.87,3.75,1.75,0.51,3.04,48.5,221.4,98.0,0.96,1,SEVERE
PT-1062,Arunachal Pradesh,27.19815,91.43623,2126,58.0,109,0.87,6.83,2.11,0.3,2.76,31.3,152.0,75.8,0.86,1,HIGH
PT-1063,Meghalaya,24.79375,91.95988,1612,29.33,125,0.89,8.04,1.23,0.48,3.07,6.5,141.1,75.7,1.25,0,LOW
PT-1064,Tripura,23.58264,92.21989,2518,21.57,292,0.6,11.01,1.31,0.64,2.1,10.2,172.6,84.0,1.91,0,LOW
PT-1065,Tripura,23.32323,91.93525,1786,21.85,169,0.58,11.78,1.08,0.57,2.09,33.7,196.4,86.5,1.87,0,LOW
PT-1066,Assam (Dima Hasao),24.7268,92.44369,1190,25.92,68,0.92,5.27,1.76,0.59,2.21,107.4,166.2,82.1,1.59,0,LOW
PT-1067,Tripura,23.94235,91.8571,1573,19.69,107,0.67,9.2,1.94,0.61,1.79,38.3,205.8,93.3,2.17,0,LOW
PT-1068,Sikkim,26.97239,88.33376,3019,36.55,330,0.8,4.13,1.77,0.42,2.01,102.7,275.1,98.0,1.16,1,SEVERE
PT-1069,Nagaland,25.10741,93.56906,1881,27.47,300,0.95,5.23,0.29,0.47,1.61,28.0,52.4,59.8,2.03,0,LOW
PT-1070,Sikkim,27.42186,89.19061,2534,51.92,255,0.8,10.56,0.4,0.25,1.33,11.6,46.1,57.0,1.57,0,LOW
PT-1071,Tripura,23.81213,92.15319,1843,28.37,344,0.55,6.3,0.95,0.45,1.4,63.9,152.6,80.8,1.97,0,LOW
PT-1072,Tripura,24.43888,91.48754,1314,17.31,18,0.59,6.53,0.9,0.56,1.03,52.6,177.3,82.0,3.0,0,LOW
PT-1073,Nagaland,25.25956,94.332,2301,40.46,11,0.96,5.37,1.41,0.36,1.74,54.7,231.7,92.5,1.25,1,SEVERE
PT-1074,Mizoram,23.57069,92.13054,1994,42.19,187,0.97,3.88,0.9,0.44,2.78,5.1,173.7,85.4,0.92,1,SEVERE
PT-1075,Arunachal Pradesh,27.13384,92.08347,2341,42.61,49,0.77,3.01,0.4,0.35,3.06,38.8,117.7,73.5,0.92,1,HIGH
PT-1076,Meghalaya,24.76442,91.79245,1796,50.65,79,0.74,14.74,2.05,0.32,1.8,13.1,109.8,64.8,1.23,0,MODERATE
PT-1077,Sikkim,27.26174,88.86586,2458,48.79,302,0.78,2.65,0.37,0.31,2.43,20.4,78.5,65.9,1.01,0,MODERATE
PT-1078,Sikkim,26.9962,88.8524,2528,40.74,63,0.78,3.13,2.0,0.48,2.24,25.3,110.1,72.1,1.15,0,MODERATE
PT-1079,Nagaland,25.52507,94.09815,1846,40.23,145,0.89,2.97,0.62,0.41,1.23,16.3,102.9,63.7,1.79,0,LOW
PT-1080,Sikkim,27.65299,88.95671,2261,39.9,13,0.94,5.34,0.97,0.37,1.99,143.4,239.1,96.8,1.12,1,SEVERE
PT-1081,Sikkim,27.38325,88.62022,1788,46.26,229,0.8,4.25,1.92,0.3,1.75,4.4,103.3,66.8,1.28,0,LOW
PT-1082,Nagaland,25.3758,93.94434,2306,39.4,24,0.96,3.35,2.14,0.49,2.08,25.6,59.4,55.0,1.33,0,LOW
PT-1083,Sikkim,27.40816,88.21807,2185,32.99,181,0.87,5.04,1.35,0.47,1.45,20.3,200.3,92.1,1.63,0,LOW
PT-1084,Assam (Dima Hasao),25.29836,92.5979,1255,41.51,130,0.93,9.51,1.02,0.35,1.78,13.8,51.6,59.9,1.38,0,LOW
PT-1085,Sikkim,26.7685,89.17579,2480,35.53,159,0.97,4.46,0.15,0.38,1.26,33.2,125.3,76.7,1.82,0,LOW
PT-1086,Sikkim,26.75358,88.78612,2045,33.93,282,0.79,5.14,1.69,0.52,2.39,0.2,56.3,62.4,1.34,0,LOW
PT-1087,Nagaland,25.46,93.59654,2644,38.64,19,0.96,3.38,1.84,0.48,3.04,46.6,224.9,95.9,0.87,1,SEVERE
PT-1088,Nagaland,25.3184,94.09838,1575,33.55,195,0.92,5.96,0.31,0.54,3.1,33.2,205.4,90.0,1.0,0,MODERATE
PT-1089,Mizoram,23.41789,93.1071,1826,40.62,107,0.92,11.33,1.51,0.43,2.28,49.8,138.4,70.6,1.15,0,MODERATE
PT-1090,Mizoram,23.31817,92.62694,2161,50.99,13,0.81,2.93,1.07,0.39,2.86,26.4,180.2,86.3,0.81,1,SEVERE
PT-1091,Sikkim,27.48699,88.79253,2950,41.13,279,0.97,6.01,0.59,0.44,2.65,45.3,206.3,93.2,0.92,1,SEVERE
PT-1092,Tripura,24.401,92.32694,1900,33.04,11,0.68,7.93,1.41,0.55,3.04,84.5,240.0,98.0,0.96,1,SEVERE
PT-1093,Manipur,25.733,93.78494,2579,46.16,231,0.98,8.37,1.2,0.4,1.51,48.8,125.5,76.9,1.38,0,LOW
PT-1094,Meghalaya,24.58406,91.79083,1969,28.43,163,0.82,3.45,1.87,0.57,1.84,45.3,75.4,63.1,1.8,0,LOW
PT-1095,Nagaland,26.20098,94.00308,2166,25.17,138,0.96,4.79,0.99,0.6,1.33,22.6,193.2,89.2,2.17,0,LOW
PT-1096,Tripura,24.1175,91.31003,1797,32.76,60,0.58,9.91,1.76,0.46,1.78,114.9,235.9,93.7,1.4,0,LOW
PT-1097,Mizoram,23.92903,93.08018,2118,34.95,193,0.84,6.57,1.07,0.51,2.77,22.9,86.2,59.4,1.23,0,MODERATE
PT-1098,Manipur,25.50241,93.75965,1910,32.31,127,0.93,9.85,1.0,0.44,2.13,29.3,69.5,58.7,1.52,0,LOW
PT-1099,Manipur,24.83081,94.59747,2595,30.2,322,0.87,4.96,0.36,0.5,2.26,15.0,118.2,71.3,1.46,0,LOW
PT-1100,Assam (Dima Hasao),25.3069,93.4664,2230,38.77,245,0.79,14.96,1.21,0.44,1.15,89.5,119.2,67.0,1.9,0,LOW
PT-1101,Nagaland,25.7838,94.29803,1839,37.89,307,0.93,2.95,1.82,0.39,1.9,32.2,114.5,65.2,1.38,0,LOW
PT-1102,Meghalaya,25.68722,91.81255,2506,35.73,48,0.81,6.98,1.57,0.52,1.79,38.8,135.6,72.5,1.45,0,LOW
PT-1103,Nagaland,25.5947,94.17034,1777,47.09,140,0.81,4.59,0.94,0.29,2.66,121.3,259.6,98.0,0.83,1,SEVERE
PT-1104,Meghalaya,25.35023,92.47346,1864,27.55,21,0.84,11.03,1.63,0.58,2.02,5.1,33.2,50.0,1.88,0,LOW
PT-1105,Nagaland,26.02473,94.39768,1618,26.92,320,0.88,3.27,0.99,0.55,2.36,36.4,147.4,79.4,1.51,0,LOW
PT-1106,Tripura,23.69394,91.85807,1490,15.55,46,0.6,8.22,2.16,0.67,1.11,7.2,121.1,68.4,3.0,0,LOW
PT-1107,Tripura,24.51362,91.54568,1392,40.18,22,0.6,6.18,0.27,0.44,1.14,29.2,171.5,85.8,1.77,1,SEVERE
PT-1108,Assam (Dima Hasao),25.0755,92.70826,1948,45.71,51,0.86,4.75,0.88,0.3,2.07,45.1,167.6,79.9,1.09,0,MODERATE
PT-1109,Meghalaya,24.86846,92.92553,2168,36.0,192,0.93,6.07,0.68,0.51,2.9,24.4,107.1,66.8,1.13,0,MODERATE
PT-1110,Manipur,24.97456,93.43723,1837,39.63,216,0.96,4.68,1.03,0.43,1.06,152.9,294.6,98.0,1.82,1,SEVERE
PT-1111,Assam (Dima Hasao),25.50751,93.37632,2058,38.91,189,0.81,5.3,0.9,0.37,2.39,20.1,82.8,59.3,1.22,0,MODERATE
PT-1112,Arunachal Pradesh,27.70438,91.66643,2318,44.91,345,0.81,6.34,0.35,0.32,1.4,25.3,199.4,88.7,1.42,1,SEVERE
PT-1113,Tripura,23.69274,91.4112,1829,24.87,14,0.55,6.49,1.59,0.48,1.82,27.7,200.5,89.4,1.77,0,LOW
PT-1114,Manipur,25.85205,93.42734,1884,45.68,55,0.88,4.82,0.93,0.4,3.18,103.8,147.3,78.4,0.84,1,HIGH
PT-1115,Arunachal Pradesh,27.51291,92.19271,2393,57.45,228,0.75,4.67,1.76,0.33,2.4,8.0,41.3,50.7,1.03,0,MODERATE
PT-1116,Assam (Dima Hasao),25.20451,92.68457,1626,35.52,116,0.85,6.98,1.63,0.51,2.17,21.6,171.7,79.5,1.25,0,LOW
PT-1117,Mizoram,24.25759,92.31979,2576,47.77,355,0.92,4.55,1.95,0.33,2.66,7.1,133.6,73.7,0.93,1,HIGH
PT-1118,Mizoram,23.90339,92.45225,2317,27.95,100,0.94,3.0,0.39,0.47,3.06,17.8,121.4,74.4,1.32,0,LOW
PT-1119,Tripura,24.13861,91.99495,1574,27.27,224,0.71,7.27,0.53,0.55,2.42,12.5,55.5,54.1,1.7,0,LOW
PT-1120,Manipur,25.4821,94.40358,1934,43.61,6,0.92,3.16,1.88,0.4,1.85,2.1,71.4,62.1,1.3,0,LOW
PT-1121,Sikkim,27.19394,89.1932,2228,48.59,279,0.88,2.39,1.41,0.3,2.87,5.5,162.0,84.3,0.84,1,SEVERE
PT-1122,Nagaland,25.69764,94.24819,2405,32.24,146,0.9,2.67,0.99,0.56,1.61,55.4,129.7,71.2,1.69,0,LOW
PT-1123,Sikkim,27.72102,88.25232,2197,35.07,33,0.88,4.42,1.05,0.5,1.24,34.3,199.5,91.2,1.76,0,LOW
PT-1124,Arunachal Pradesh,27.26911,91.96491,2648,48.99,257,0.82,2.24,1.23,0.32,2.37,221.9,324.0,98.0,0.89,1,SEVERE
PT-1125,Sikkim,27.09729,89.18234,2334,30.39,245,0.8,6.58,1.53,0.46,1.51,43.8,221.6,94.2,1.66,0,LOW
PT-1126,Manipur,25.51257,93.63004,2304,41.41,285,0.92,5.24,0.44,0.36,2.25,186.0,363.6,98.0,1.0,1,SEVERE
PT-1127,Tripura,23.3561,92.35394,2313,34.54,107,0.73,7.82,1.18,0.39,2.27,12.6,47.6,58.6,1.38,0,LOW
PT-1128,Sikkim,26.95214,88.21087,2271,44.71,267,0.86,3.42,0.34,0.44,2.12,35.2,142.3,79.3,1.09,0,MODERATE
PT-1129,Tripura,24.17784,91.39604,1519,12.78,96,0.6,9.98,0.71,0.71,1.52,131.9,254.1,98.0,3.0,0,LOW
PT-1130,Nagaland,25.78756,94.29614,1890,40.36,281,0.93,3.04,0.75,0.47,2.3,40.6,61.4,55.5,1.23,0,MODERATE
PT-1131,Sikkim,27.27845,88.90192,2255,42.54,142,0.97,9.62,1.34,0.39,1.16,58.4,145.3,81.7,1.72,1,HIGH
PT-1132,Manipur,25.1665,93.53043,2171,48.79,189,0.85,3.23,0.29,0.4,3.18,16.6,164.9,81.7,0.79,1,SEVERE
PT-1133,Nagaland,25.55859,94.37153,2025,44.13,316,0.89,4.35,0.13,0.43,2.67,39.7,103.2,64.1,1.02,0,MODERATE
PT-1134,Manipur,24.85117,94.14832,1711,40.0,276,0.88,5.03,1.99,0.43,2.04,34.7,129.8,74.7,1.22,0,MODERATE
PT-1135,Arunachal Pradesh,27.01676,92.21342,2483,37.58,39,0.83,7.18,0.15,0.45,1.28,11.0,171.4,85.3,1.68,1,SEVERE
PT-1136,Arunachal Pradesh,27.52546,92.40607,2278,34.49,95,0.8,2.4,0.27,0.52,2.67,30.7,199.9,93.4,1.04,0,MODERATE
PT-1137,Tripura,23.75345,91.8626,1678,29.69,249,0.62,9.06,1.51,0.44,1.65,40.3,71.2,62.4,1.85,0,LOW
PT-1138,Meghalaya,24.8464,92.49026,1605,21.11,223,0.78,3.64,1.37,0.57,2.13,2.7,134.4,79.5,1.99,0,LOW
PT-1139,Mizoram,23.98521,92.54973,2117,43.06,283,0.84,3.67,1.12,0.44,1.7,10.7,165.1,77.7,1.3,0,LOW
PT-1140,Arunachal Pradesh,27.57633,91.25007,1967,28.21,25,0.73,2.77,2.04,0.58,1.9,25.7,75.6,58.0,1.82,0,LOW
PT-1141,Tripura,24.51026,91.85372,1477,35.02,143,0.53,6.23,1.19,0.53,2.8,58.4,191.7,84.6,1.06,0,MODERATE
PT-1142,Meghalaya,25.70242,91.84699,1903,44.75,191,0.73,3.37,1.75,0.45,2.41,7.7,41.9,52.9,1.13,0,MODERATE
PT-1143,Sikkim,27.4625,89.01261,2159,44.72,336,0.8,2.51,0.27,0.44,2.64,84.9,230.9,91.3,0.89,1,SEVERE
PT-1144,Meghalaya,24.74953,91.79939,2219,43.18,160,0.87,3.21,1.12,0.46,2.83,44.5,154.2,77.0,0.94,1,HIGH
PT-1145,Arunachal Pradesh,27.81895,91.5224,1843,35.84,267,0.81,3.75,1.3,0.51,1.91,14.9,187.7,89.0,1.28,0,LOW
PT-1146,Manipur,25.6636,93.52571,1736,29.5,72,0.98,3.56,0.75,0.51,1.47,39.8,60.7,56.7,2.05,0,LOW
PT-1147,Meghalaya,24.93215,92.43378,1901,31.92,93,0.74,8.77,0.55,0.55,2.74,14.8,155.9,82.5,1.17,0,MODERATE
PT-1148,Arunachal Pradesh,28.02563,91.43166,2273,36.48,139,0.92,2.93,1.67,0.44,2.29,63.2,119.7,69.3,1.25,0,LOW
PT-1149,Assam (Dima Hasao),25.22659,93.57121,2254,32.77,322,0.95,4.88,2.02,0.48,1.73,84.7,252.7,98.0,1.4,0,LOW
PT-1150,Manipur,25.09213,94.16385,2396,33.72,203,0.82,5.08,1.63,0.39,1.07,45.6,114.2,65.5,2.2,0,LOW
PT-1151,Mizoram,23.99674,92.9093,1767,27.27,51,0.96,17.15,1.07,0.52,1.85,35.9,74.4,64.4,1.85,0,LOW
PT-1152,Tripura,24.13837,91.31478,1506,24.67,12,0.61,8.43,2.03,0.51,3.02,141.1,268.7,98.0,1.25,0,LOW
PT-1153,Nagaland,25.88023,93.60869,1807,49.69,289,0.87,10.67,0.12,0.39,2.67,7.3,75.0,59.9,0.97,1,HIGH
PT-1154,Meghalaya,25.59781,92.17643,1550,39.39,301,0.78,5.71,1.4,0.35,1.62,27.2,168.4,84.1,1.38,1,SEVERE
PT-1155,Meghalaya,25.06643,92.42089,1828,46.68,302,0.86,5.78,2.02,0.39,2.82,202.5,265.0,98.0,0.8,1,SEVERE
PT-1156,Assam (Dima Hasao),25.7338,93.33743,2066,46.45,296,0.78,4.81,0.36,0.29,1.47,47.3,222.7,91.8,1.34,1,SEVERE
PT-1157,Nagaland,25.73131,94.14223,1696,54.78,334,0.87,4.89,1.97,0.37,1.79,16.0,92.7,66.1,1.22,0,MODERATE
PT-1158,Meghalaya,24.56485,92.22551,2134,43.51,249,0.84,5.35,1.45,0.37,1.94,42.1,66.8,60.2,1.27,0,LOW
PT-1159,Tripura,23.893,91.30291,1464,24.13,245,0.63,8.96,0.36,0.61,1.48,94.3,159.9,82.2,2.16,0,LOW
PT-1160,Arunachal Pradesh,28.01427,91.27461,2582,37.51,80,0.79,1.52,0.44,0.41,1.02,211.2,277.9,98.0,1.93,1,SEVERE
PT-1161,Manipur,24.88037,93.54692,2078,33.35,31,0.92,5.71,1.3,0.52,1.48,20.1,50.8,51.3,1.88,0,LOW
PT-1162,Sikkim,27.41558,88.77178,1851,53.18,23,0.85,2.01,1.71,0.31,3.01,13.9,53.9,60.9,0.87,1,HIGH
PT-1163,Nagaland,25.54083,93.92289,1699,41.87,3,0.86,5.34,2.11,0.47,2.0,49.8,156.6,84.3,1.15,1,HIGH
PT-1164,Tripura,23.70793,91.92871,1907,27.8,303,0.68,6.93,0.93,0.48,2.85,81.5,126.1,67.8,1.43,0,LOW
PT-1165,Meghalaya,25.05909,92.18447,2307,38.24,237,0.91,6.17,0.36,0.5,1.25,42.9,95.1,68.4,1.8,0,LOW
PT-1166,Sikkim,26.94712,88.51774,2227,45.3,311,0.93,2.47,0.84,0.44,2.73,120.3,254.6,98.0,0.83,1,SEVERE
PT-1167,Nagaland,25.60048,94.31736,2160,33.83,190,0.87,4.5,1.63,0.53,2.25,180.2,222.8,95.9,1.15,0,MODERATE
PT-1168,Manipur,25.32722,93.47335,2470,58.0,173,0.97,4.63,1.71,0.3,2.89,193.4,308.8,98.0,0.77,1,SEVERE
PT-1169,Tripura,24.39906,92.21445,2591,22.87,159,0.7,8.68,2.19,0.5,2.59,0.1,44.4,51.9,1.97,0,LOW
PT-1170,Mizoram,23.76399,92.86033,1985,42.86,339,0.96,2.95,0.29,0.36,3.17,37.9,205.5,93.8,0.8,1,SEVERE
PT-1171,Nagaland,25.15925,94.55873,2041,48.48,100,0.94,5.3,1.65,0.38,1.28,49.0,109.7,71.3,1.57,0,LOW
PT-1172,Meghalaya,24.77282,91.91744,1657,34.18,65,0.87,3.47,0.88,0.42,2.98,27.7,111.7,73.4,1.12,0,MODERATE
PT-1173,Manipur,24.96416,93.65645,1535,32.21,176,0.93,5.26,2.06,0.47,2.01,43.9,159.7,77.4,1.43,0,LOW
PT-1174,Nagaland,25.90054,94.17211,2156,42.25,349,0.98,5.39,1.66,0.39,1.83,43.7,85.0,66.2,1.31,0,LOW
PT-1175,Assam (Dima Hasao),24.7132,93.35219,2695,33.76,277,0.92,4.17,0.91,0.41,2.25,14.1,48.7,55.6,1.44,0,LOW
PT-1176,Sikkim,27.17027,88.66862,2763,32.24,201,0.87,5.5,1.97,0.46,2.54,8.8,108.3,67.8,1.32,0,LOW
PT-1177,Arunachal Pradesh,27.05253,91.94746,1737,46.36,153,0.85,2.95,1.01,0.44,2.51,13.5,65.6,58.6,1.05,0,MODERATE
PT-1178,Sikkim,27.09276,88.72542,2467,44.42,86,0.86,3.42,1.85,0.31,3.13,77.0,201.8,93.6,0.79,1,SEVERE
PT-1179,Arunachal Pradesh,28.10901,91.91577,2813,39.19,51,0.86,6.25,1.44,0.5,2.17,214.6,386.4,98.0,1.06,1,SEVERE
PT-1180,Manipur,24.83702,93.70812,2731,32.79,43,0.92,5.12,0.9,0.43,2.23,44.9,178.7,88.9,1.24,0,MODERATE
PT-1181,Mizoram,24.25668,93.27893,2507,42.77,29,0.84,3.47,0.62,0.47,3.09,58.5,86.3,66.1,0.95,1,HIGH
PT-1182,Arunachal Pradesh,27.99801,91.8848,2529,37.98,136,0.79,3.07,1.63,0.5,2.24,20.1,109.9,70.0,1.22,0,MODERATE
PT-1183,Mizoram,23.98609,93.24129,2040,45.86,102,0.84,3.49,0.88,0.36,2.89,133.8,246.9,98.0,0.79,1,SEVERE
PT-1184,Nagaland,25.59709,94.47713,2320,42.28,146,0.87,4.42,2.01,0.41,3.04,46.3,111.8,65.5,0.97,1,HIGH
PT-1185,Arunachal Pradesh,27.20244,91.72892,2820,52.23,190,0.84,2.76,1.87,0.26,2.88,30.2,207.0,86.9,0.8,1,SEVERE
PT-1186,Arunachal Pradesh,27.9123,91.9562,2490,47.49,62,0.91,2.34,2.2,0.43,2.43,14.2,177.2,88.4,0.93,1,SEVERE
PT-1187,Nagaland,25.4412,93.77008,2684,34.68,28,0.89,3.83,1.48,0.45,1.23,45.7,65.6,60.9,1.99,0,LOW
PT-1188,Nagaland,25.67482,94.027,2331,36.19,61,0.82,5.77,1.04,0.52,2.23,11.7,161.3,82.1,1.19,1,SEVERE
PT-1189,Meghalaya,25.02953,92.84701,1800,37.71,348,0.86,6.04,0.2,0.44,2.41,52.2,201.8,84.6,1.09,1,SEVERE
PT-1190,Manipur,25.61596,94.47037,1905,40.28,227,0.88,3.35,1.0,0.44,1.89,0.2,61.2,54.1,1.39,0,LOW
PT-1191,Sikkim,27.84,88.75516,2427,39.31,224,0.97,2.16,2.05,0.4,2.43,7.1,26.3,47.3,1.27,0,LOW
PT-1192,Meghalaya,25.38539,91.83886,2419,39.26,99,0.75,3.27,0.73,0.5,2.52,125.3,266.2,98.0,0.95,1,SEVERE
PT-1193,Nagaland,25.67325,93.58737,2203,42.73,193,0.92,3.58,0.42,0.44,1.39,32.0,77.8,64.4,1.58,0,LOW
PT-1194,Tripura,24.26091,91.66276,815,22.24,180,0.7,10.91,1.53,0.63,1.33,59.1,208.5,88.1,2.43,0,LOW
PT-1195,Assam (Dima Hasao),25.64235,93.13407,2281,37.83,242,0.9,8.41,1.74,0.39,1.78,27.5,56.9,56.0,1.5,0,LOW
PT-1196,Sikkim,27.29345,88.10997,2559,58.0,23,0.88,3.23,1.15,0.34,2.68,42.3,90.3,60.3,0.92,1,HIGH
PT-1197,Sikkim,27.31967,88.18717,2565,50.74,283,0.82,10.22,1.52,0.35,1.4,98.0,222.9,97.5,1.36,1,SEVERE
PT-1198,Manipur,25.76765,94.33445,2072,32.34,206,0.89,3.98,1.68,0.42,1.46,14.8,143.8,73.2,1.78,0,LOW
PT-1199,Meghalaya,25.61357,92.37003,1620,27.67,149,0.78,3.62,1.28,0.55,2.63,84.6,263.1,98.0,1.22,0,MODERATE
PT-1200,Meghalaya,24.72437,92.91003,2251,29.96,316,0.93,4.23,0.88,0.43,1.86,33.6,167.7,85.5,1.53,0,LOW
